,close,date,high,low,market_cap,open,volume
0,0.001170,"Jun 08, 2018",0.001251,0.001065,"568,701",0.001161,261
1,0.001160,"Jun 07, 2018",0.001231,0.001091,"563,812",0.001151,57
2,0.001150,"Jun 06, 2018",0.001220,0.000916,"562,468",0.001148,628
3,0.001148,"Jun 05, 2018",0.001258,0.001048,"615,789",0.001257,155
4,0.001256,"Jun 04, 2018",0.001266,0.001053,"566,566",0.001156,544
5,0.001156,"Jun 03, 2018",0.001236,0.001077,"598,527",0.001222,132
6,0.001221,"Jun 02, 2018",0.001226,0.001131,"593,468",0.001211,50
7,0.001212,"Jun 01, 2018",0.001252,0.001122,"557,974",0.001139,269
8,0.001138,"May 31, 2018",0.001162,0.001050,"542,572",0.001107,185
9,0.001108,"May 30, 2018",0.001231,0.001051,"596,378",0.001217,396
10,0.001216,"May 29, 2018",0.001277,0.001075,"582,448",0.001189,379
11,0.001189,"May 28, 2018",0.001277,0.001079,"541,416",0.001105,321
12,0.001105,"May 27, 2018",0.001304,0.001100,"638,772",0.001304,727
13,0.001303,"May 26, 2018",0.001461,0.001203,"686,006",0.001400,148
14,0.001402,"May 25, 2018",0.001418,0.001200,"597,275",0.001219,171
15,0.001217,"May 24, 2018",0.001319,0.001055,"630,581",0.001287,576
16,0.001290,"May 23, 2018",0.001600,0.001280,"783,783",0.001600,244
17,0.001602,"May 22, 2018",0.002116,0.001399,"743,562",0.001518,428
18,0.001518,"May 21, 2018",0.001518,0.001418,"710,189",0.001450,148
19,0.001448,"May 20, 2018",0.001519,0.001444,"727,095",0.001484,29
20,0.001483,"May 19, 2018",0.001504,0.001308,"677,992",0.001384,322
21,0.001384,"May 18, 2018",0.001462,0.001277,"635,238",0.001297,101
22,0.001296,"May 17, 2018",0.001604,0.001289,"713,384",0.001456,259
23,0.001455,"May 16, 2018",0.001455,0.001383,"706,714",0.001443,19
24,0.001443,"May 15, 2018",0.001501,0.001363,"681,372",0.001391,990
25,0.001393,"May 14, 2018",0.001568,0.001338,"766,279",0.001564,200
26,0.001565,"May 13, 2018",0.001576,0.001343,"705,169",0.001440,35
27,0.001440,"May 12, 2018",0.001453,0.001318,"657,845",0.001343,86
28,0.001347,"May 11, 2018",0.001628,0.001338,"797,435",0.001628,606
29,0.001626,"May 10, 2018",0.001776,0.001598,"789,699",0.001612,"1,032"
30,0.001613,"May 09, 2018",0.001747,0.001462,"814,457",0.001663,846
31,0.001666,"May 08, 2018",0.001702,0.001549,"825,744",0.001686,471
32,0.001682,"May 07, 2018",0.001937,0.001653,"948,037",0.001936,353
33,0.001934,"May 06, 2018",0.002143,0.001795,"885,230",0.001808,"1,826"
34,0.001806,"May 05, 2018",0.001882,0.001692,"901,915",0.001842,"1,027"
35,0.001842,"May 04, 2018",0.001852,0.001549,"873,012",0.001783,428
36,0.001783,"May 03, 2018",0.001862,0.001667,"900,354",0.001838,536
37,0.001838,"May 02, 2018",0.001838,0.001619,"801,455",0.001636,60
38,0.001639,"May 01, 2018",0.001895,0.001606,"859,836",0.001756,599
39,0.001754,"Apr 30, 2018",0.001849,0.001628,"824,016",0.001683,18
40,0.001683,"Apr 29, 2018",0.001897,0.001640,"911,141",0.001861,327
41,0.001861,"Apr 28, 2018",0.001881,0.001630,"813,918",0.001662,169
42,0.001668,"Apr 27, 2018",0.001855,0.001613,"892,294",0.001822,241
43,0.001820,"Apr 26, 2018",0.001824,0.001545,"775,730",0.001584,185
44,0.001571,"Apr 25, 2018",0.001914,0.001569,"900,390",0.001839,396
45,0.001851,"Apr 24, 2018",0.001962,0.001566,"833,238",0.001702,579
46,0.001700,"Apr 23, 2018",0.001785,0.001667,"817,020",0.001668,61
47,0.001672,"Apr 22, 2018",0.001783,0.001585,"872,223",0.001781,310
48,0.001696,"Apr 21, 2018",0.002059,0.001320,"947,461",0.001935,"1,291"
49,0.001934,"Apr 20, 2018",0.001935,0.001678,"890,805",0.001819,354
50,0.001818,"Apr 19, 2018",0.001853,0.001569,"839,568",0.001715,594
51,0.001713,"Apr 18, 2018",0.001883,0.001441,"795,807",0.001625,174
52,0.001624,"Apr 17, 2018",0.001937,0.001436,"865,458",0.001768,250
53,0.001767,"Apr 16, 2018",0.001842,0.001288,"653,727",0.001335,901
54,0.001336,"Apr 15, 2018",0.001577,0.001280,"626,775",0.001280,96
55,0.001279,"Apr 14, 2018",0.001407,0.001264,"665,185",0.001359,142
56,0.001359,"Apr 13, 2018",0.001454,0.001321,"658,835",0.001346,185
57,0.001344,"Apr 12, 2018",0.001351,0.001148,"606,794",0.001239,"1,183"
58,0.001242,"Apr 11, 2018",0.001292,0.001112,"568,539",0.001161,195
59,0.001160,"Apr 10, 2018",0.001293,0.001086,"581,385",0.001188,113
60,0.001187,"Apr 09, 2018",0.001298,0.001170,"599,543",0.001225,10
61,0.001223,"Apr 08, 2018",0.001359,0.001121,"574,846",0.001174,277
62,0.001173,"Apr 07, 2018",0.001314,0.001154,"565,720",0.001156,465
63,0.001154,"Apr 06, 2018",0.001205,0.001056,"573,140",0.001171,238
64,0.001174,"Apr 05, 2018",0.001223,0.001146,"598,467",0.001223,108
65,0.001222,"Apr 04, 2018",0.001335,0.001136,"653,500",0.001335,648
66,0.001263,"Apr 03, 2018",0.001349,0.001062,"627,510",0.001282,"2,511"
67,0.001281,"Apr 02, 2018",0.001341,0.001222,"602,051",0.001230,334
68,0.001224,"Apr 01, 2018",0.001305,0.001181,"616,202",0.001259,"1,168"
69,0.001259,"Mar 31, 2018",0.001359,0.001231,"602,456",0.001231,83
70,0.001231,"Mar 30, 2018",0.001368,0.001202,"658,876",0.001346,45
71,0.001349,"Mar 29, 2018",0.001642,0.001310,"791,914",0.001618,60
72,0.001616,"Mar 28, 2018",0.001682,0.001452,"714,902",0.001460,6
73,0.001461,"Mar 27, 2018",0.001681,0.001454,"820,892",0.001677,255
74,0.001679,"Mar 26, 2018",0.001740,0.001615,"830,031",0.001696,188
75,0.001697,"Mar 25, 2018",0.001758,0.001616,"790,858",0.001616,75
76,0.001638,"Mar 24, 2018",0.001839,0.001634,"829,204",0.001694,270
77,0.001670,"Mar 23, 2018",0.001762,0.001602,"862,372",0.001762,384
78,0.001762,"Mar 22, 2018",0.001882,0.001647,"903,582",0.001846,487
79,0.001849,"Mar 21, 2018",0.001969,0.001726,"875,779",0.001789,870
80,0.001786,"Mar 20, 2018",0.001977,0.001612,"927,675",0.001895,757
81,0.001874,"Mar 19, 2018",0.001934,0.001635,"805,047",0.001645,413
82,0.001652,"Mar 18, 2018",0.001732,0.001370,"847,647",0.001732,"1,777"
83,0.001736,"Mar 17, 2018",0.001827,0.001481,"894,286",0.001827,"4,287"
84,0.001824,"Mar 16, 2018",0.002139,0.001718,"930,844",0.001902,966
85,0.001903,"Mar 15, 2018",0.001938,0.001708,"942,840",0.001926,668
86,0.001927,"Mar 14, 2018",0.002275,0.001811,"1,040,210",0.002125,160
87,0.002125,"Mar 13, 2018",0.002164,0.001947,"1,016,550",0.002077,608
88,0.002089,"Mar 12, 2018",0.002216,0.001984,"1,039,010",0.002123,391
89,0.002129,"Mar 11, 2018",0.002325,0.001949,"987,882",0.002018,601
90,0.002025,"Mar 10, 2018",0.002360,0.002007,"1,087,830",0.002223,"6,332"
91,0.002222,"Mar 09, 2018",0.002445,0.002015,"1,137,160",0.002323,817
92,0.002338,"Mar 08, 2018",0.002600,0.002265,"1,202,730",0.002457,"1,774"
93,0.002461,"Mar 07, 2018",0.002782,0.002361,"1,311,280",0.002679,651
94,0.002683,"Mar 06, 2018",0.002836,0.002623,"1,387,850",0.002836,511
95,0.002843,"Mar 05, 2018",0.002959,0.002709,"1,349,560",0.002757,850
96,0.002759,"Mar 04, 2018",0.002958,0.002665,"1,429,650",0.002921,"1,325"
97,0.002926,"Mar 03, 2018",0.003198,0.002756,"1,401,340",0.002863,"1,703"
98,0.002867,"Mar 02, 2018",0.003010,0.002701,"1,334,130",0.002726,"2,199"
99,0.002733,"Mar 01, 2018",0.002804,0.002661,"1,312,550",0.002682,796
100,0.002678,"Feb 28, 2018",0.003066,0.002618,"1,460,030",0.002983,"9,609"
101,0.003090,"Feb 27, 2018",0.003183,0.002842,"1,410,380",0.002882,937
102,0.002873,"Feb 26, 2018",0.003110,0.002729,"1,360,540",0.002780,156
103,0.002777,"Feb 25, 2018",0.003208,0.002486,"1,229,510",0.002512,"6,040"
104,0.002516,"Feb 24, 2018",0.002942,0.002516,"1,439,640",0.002942,266
105,0.002946,"Feb 23, 2018",0.002956,0.002495,"1,251,670",0.002558,"5,818"
106,0.002560,"Feb 22, 2018",0.002948,0.002556,"1,327,410",0.002713,498
107,0.002715,"Feb 21, 2018",0.003071,0.002670,"1,372,190",0.002804,"1,105"
108,0.002808,"Feb 20, 2018",0.003134,0.002778,"1,476,580",0.003017,"5,080"
109,0.003015,"Feb 19, 2018",0.003041,0.002605,"1,423,060",0.002908,"2,815"
110,0.002922,"Feb 18, 2018",0.003270,0.002732,"1,520,730",0.003108,"2,351"
111,0.003098,"Feb 17, 2018",0.003253,0.002824,"1,388,910",0.002838,"1,857"
112,0.002839,"Feb 16, 2018",0.003007,0.002553,"1,336,910",0.002732,"4,109"
113,0.002744,"Feb 15, 2018",0.002845,0.002471,"1,222,720",0.002499,630
114,0.002497,"Feb 14, 2018",0.002875,0.002281,"1,124,250",0.002298,"1,718"
115,0.002305,"Feb 13, 2018",0.002534,0.002228,"1,118,690",0.002286,519
116,0.002282,"Feb 12, 2018",0.002447,0.002142,"1,052,920",0.002152,"1,395"
117,0.002138,"Feb 11, 2018",0.002396,0.002105,"1,105,870",0.002260,757
118,0.002262,"Feb 10, 2018",0.002527,0.002150,"1,104,680",0.002258,995
119,0.002256,"Feb 09, 2018",0.002346,0.002033,"1,046,390",0.002139,"1,742"
120,0.002132,"Feb 08, 2018",0.002403,0.001964,"1,012,450",0.002069,"1,956"
121,0.002078,"Feb 07, 2018",0.002345,0.001872,"1,081,520",0.002211,950
122,0.002233,"Feb 06, 2018",0.002254,0.001526,"909,035",0.001858,"2,310"
123,0.001851,"Feb 05, 2018",0.002418,0.001780,"1,161,610",0.002374,"1,000"
124,0.002470,"Feb 04, 2018",0.002921,0.002377,"1,374,260",0.002809,483
125,0.002808,"Feb 03, 2018",0.002840,0.002143,"1,127,770",0.002305,"1,754"
126,0.002297,"Feb 02, 2018",0.002956,0.002106,"1,446,050",0.002956,"4,513"
127,0.002962,"Feb 01, 2018",0.003321,0.002659,"1,481,900",0.003029,"5,891"
128,0.003020,"Jan 31, 2018",0.003391,0.002926,"1,568,110",0.003205,"3,836"
129,0.003200,"Jan 30, 2018",0.004002,0.003139,"1,948,670",0.003983,"7,904"
130,0.003982,"Jan 29, 2018",0.004447,0.003908,"2,102,490",0.004298,"6,640"
131,0.004302,"Jan 28, 2018",0.004682,0.004000,"2,070,880",0.004233,"11,396"
132,0.004212,"Jan 27, 2018",0.006127,0.002487,"2,065,950",0.004223,"52,347"
133,0.004226,"Jan 26, 2018",0.004359,0.003532,"2,054,280",0.004200,"7,981"
134,0.004211,"Jan 25, 2018",0.004691,0.003979,"2,259,240",0.004619,"4,653"
135,0.004544,"Jan 24, 2018",0.004563,0.003595,"2,092,640",0.004279,"15,360"
136,0.004281,"Jan 23, 2018",0.004944,0.003979,"1,974,600",0.004039,"18,604"
137,0.004050,"Jan 22, 2018",0.006735,0.003889,"2,224,370",0.004550,"62,069"
138,0.004488,"Jan 21, 2018",0.010942,0.004017,"2,250,280",0.004603,"1,007,020"
139,0.004592,"Jan 20, 2018",0.004809,0.004104,"2,054,510",0.004202,"6,268"
140,0.004157,"Jan 19, 2018",0.004581,0.003297,"1,888,270",0.003862,"8,966"
141,0.003903,"Jan 18, 2018",0.004481,0.002927,"1,455,490",0.002977,"16,938"
142,0.002966,"Jan 17, 2018",0.003621,0.002399,"1,741,520",0.003562,"11,657"
143,0.003580,"Jan 16, 2018",0.005032,0.002764,"2,070,940",0.004236,"22,002"
144,0.004231,"Jan 15, 2018",0.005482,0.004149,"2,474,250",0.005061,"17,510"
145,0.005640,"Jan 14, 2018",0.005641,0.004224,"2,584,360",0.005286,"31,619"
146,0.005014,"Jan 13, 2018",0.006858,0.003508,"3,235,620",0.006629,"83,226"
147,0.006637,"Jan 12, 2018",0.006786,0.005352,"3,056,850",0.006263,"48,331"
148,0.006222,"Jan 11, 2018",0.008780,0.005013,"3,634,830",0.007448,"69,662"
149,0.007456,"Jan 10, 2018",0.013085,0.006408,"5,961,210",0.012218,"132,516"
150,0.012760,"Jan 09, 2018",0.017980,0.006190,"3,353,300",0.006873,"386,458"
151,0.006748,"Jan 08, 2018",0.006868,0.004769,"2,903,720",0.005952,"104,465"
152,0.005829,"Jan 07, 2018",0.007536,0.003534,"2,097,530",0.004300,"126,917"
153,0.004303,"Jan 06, 2018",0.004538,0.002794,"1,938,510",0.003975,"37,417"
154,0.003974,"Jan 05, 2018",0.003981,0.002675,"1,371,120",0.002812,"21,430"
155,0.002905,"Jan 04, 2018",0.002970,0.002375,"1,266,100",0.002596,"12,495"
156,0.002583,"Jan 03, 2018",0.002809,0.002299,"1,283,500",0.002632,"4,033"
157,0.002511,"Jan 02, 2018",0.002716,0.001920,"1,085,240",0.002225,"8,286"
158,0.002225,"Jan 01, 2018",0.002229,0.001812,"1,028,130",0.002108,"3,981"
159,0.002104,"Dec 31, 2017",0.002440,0.001720,"931,542",0.001910,"2,716"
160,0.001925,"Dec 30, 2017",0.002146,0.001618,"1,005,020",0.002061,"2,192"
161,0.002066,"Dec 29, 2017",0.002406,0.001644,"989,390",0.002029,"5,752"
162,0.002008,"Dec 28, 2017",0.002311,0.001342,"768,753",0.001577,"11,757"
163,0.001579,"Dec 27, 2017",0.001943,0.001548,"846,197",0.001735,"2,248"
164,0.001734,"Dec 26, 2017",0.002160,0.001528,"1,014,980",0.002082,"9,045"
165,0.002083,"Dec 25, 2017",0.002184,0.001614,"880,241",0.001805,"5,905"
166,0.001787,"Dec 24, 2017",0.002082,0.001420,"847,407",0.001738,"11,029"
167,0.001719,"Dec 23, 2017",0.002777,0.001471,"1,030,380",0.002113,"19,966"
168,0.002094,"Dec 22, 2017",0.005047,0.001864,"996,709",0.002044,"55,718"
169,0.002037,"Dec 21, 2017",0.002325,0.000927,"491,050",0.001007,"19,224"
170,0.001006,"Dec 20, 2017",0.001202,0.000820,"517,551",0.001061,530
171,0.001060,"Dec 19, 2017",0.001215,0.000826,"467,348",0.000958,"1,249"
172,0.000957,"Dec 18, 2017",0.001352,0.000781,"470,508",0.000965,"1,251"
173,0.000964,"Dec 17, 2017",0.001494,0.000822,"719,665",0.001476,"1,259"
174,0.001472,"Dec 16, 2017",0.002308,0.000908,"1,112,910",0.002282,420
175,0.002283,"Dec 15, 2017",0.006757,0.000797,"392,836",0.000806,"2,314"
176,0.000800,"Dec 14, 2017",0.000957,0.000551,"270,207",0.000554,245
177,0.000553,"Dec 13, 2017",0.001237,0.000549,"589,075",0.001208,"1,255"
178,0.001206,"Dec 12, 2017",0.002070,0.001199,"833,972",0.001711,836
179,0.001718,"Dec 11, 2017",0.002443,0.000858,"509,575",0.001045,668
180,0.001053,"Dec 10, 2017",0.001075,0.000754,"416,200",0.000854,547
181,0.000851,"Dec 09, 2017",0.001223,0.000802,"583,561",0.001197,237
182,0.001211,"Dec 08, 2017",0.001719,0.000979,"523,909",0.001075,279
183,0.001072,"Dec 07, 2017",0.001200,0.000618,"335,169",0.000687,688
184,0.000686,"Dec 06, 2017",0.000821,0.000581,"395,640",0.000812,"2,328"
185,0.000814,"Dec 05, 2017",0.000953,0.000707,"462,440",0.000949,"1,438"
186,0.001042,"Dec 04, 2017",0.002493,0.000783,"383,737",0.000787,275
187,0.000785,"Dec 03, 2017",0.000829,0.000652,"319,764",0.000656,"1,897"
188,0.000655,"Dec 02, 2017",0.000873,0.000645,"363,897",0.000746,406
189,0.000747,"Dec 01, 2017",0.000871,0.000533,"293,098",0.000601,"2,181"
190,0.000604,"Nov 30, 2017",0.000698,0.000511,"331,087",0.000679,293
191,0.000670,"Nov 29, 2017",0.003178,0.000668,"1,089,510",0.002240,797
192,0.002238,"Nov 28, 2017",0.002254,0.000782,"381,485",0.000784,450
193,0.000783,"Nov 27, 2017",0.000955,0.000637,"309,920",0.000637,953
194,0.000637,"Nov 26, 2017",0.000726,0.000593,"339,640",0.000698,165
195,0.000699,"Nov 25, 2017",0.000888,0.000508,"394,942",0.000812,613
196,0.000819,"Nov 24, 2017",0.001150,0.000740,"373,963",0.000769,"4,019"
197,0.000765,"Nov 23, 2017",0.000947,0.000648,"426,657",0.000877,784
198,0.000877,"Nov 22, 2017",0.001394,0.000648,"423,464",0.000871,441
199,0.000866,"Nov 21, 2017",0.001359,0.000560,"499,455",0.001027,441
200,0.001028,"Nov 20, 2017",0.001048,0.000642,"428,769",0.000882,41
201,0.000875,"Nov 19, 2017",0.001274,0.000746,"402,064",0.000827,133
202,0.000830,"Nov 18, 2017",0.000830,0.000529,"307,778",0.000633,327
203,0.000639,"Nov 17, 2017",0.000941,0.000575,"302,797",0.000623,282
204,0.000625,"Nov 16, 2017",0.003927,0.000490,"602,914",0.001240,153
205,0.001239,"Nov 15, 2017",0.001492,0.000470,"242,617",0.000499,409
206,0.000498,"Nov 14, 2017",0.000563,0.000442,"234,271",0.000482,180
207,0.000481,"Nov 13, 2017",0.000888,0.000473,"304,368",0.000626,120
208,0.000624,"Nov 12, 2017",0.001095,0.000481,"424,395",0.000873,132
209,0.000802,"Nov 11, 2017",0.001220,0.000492,"280,408",0.000577,384
210,0.000549,"Nov 10, 2017",0.002492,0.000499,"1,168,250",0.002403,303
211,0.002401,"Nov 09, 2017",0.003984,0.000536,"306,879",0.000631,203
212,0.000632,"Nov 08, 2017",0.000632,0.000544,"272,707",0.000561,115
213,0.000562,"Nov 07, 2017",0.000564,0.000345,"167,745",0.000345,287
214,0.000346,"Nov 06, 2017",0.000658,0.000333,"261,537",0.000538,281
215,0.000537,"Nov 05, 2017",0.000836,0.000470,"234,209",0.000482,286
216,0.000484,"Nov 04, 2017",0.001108,0.000481,"334,202",0.000688,36
217,0.000693,"Nov 03, 2017",0.001019,0.000523,"269,476",0.000555,39
218,0.000556,"Nov 02, 2017",0.000559,0.000415,"202,924",0.000418,617
219,0.000417,"Nov 01, 2017",0.000757,0.000409,"261,702",0.000539,500
220,0.000540,"Oct 31, 2017",0.000727,0.000517,"327,156",0.000674,"2,241"
221,0.000668,"Oct 30, 2017",0.000772,0.000502,"258,363",0.000532,454
222,0.000528,"Oct 29, 2017",0.000725,0.000525,"335,300",0.000690,95
223,0.000692,"Oct 28, 2017",0.000704,0.000635,"314,556",0.000648,307
224,0.000683,"Oct 27, 2017",0.001068,0.000656,"505,321",0.001040,326
225,0.001049,"Oct 26, 2017",0.001077,0.000638,"311,850",0.000642,425
226,0.000644,"Oct 25, 2017",0.000903,0.000585,"306,406",0.000631,279
227,0.000630,"Oct 24, 2017",0.001219,0.000603,"385,898",0.000795,135
228,0.000796,"Oct 23, 2017",0.000874,0.000636,"331,631",0.000683,987
229,0.000683,"Oct 22, 2017",0.000714,0.000624,"329,743",0.000679,428
230,0.000679,"Oct 21, 2017",0.000825,0.000672,"351,917",0.000725,416
231,0.000726,"Oct 20, 2017",0.001332,0.000666,"483,172",0.000995,544
232,0.000990,"Oct 19, 2017",0.001012,0.000647,"332,237",0.000684,264
233,0.000688,"Oct 18, 2017",0.001033,0.000669,"371,078",0.000764,227
234,0.000691,"Oct 17, 2017",0.000970,0.000672,"364,129",0.000750,214
235,0.000752,"Oct 16, 2017",0.001208,0.000638,"309,497",0.000638,210
236,0.000638,"Oct 15, 2017",0.000771,0.000577,"325,877",0.000672,281
237,0.000670,"Oct 14, 2017",0.000879,0.000644,"351,984",0.000725,677
238,0.000725,"Oct 13, 2017",0.000725,0.000610,"302,723",0.000624,252
239,0.000618,"Oct 12, 2017",0.000712,0.000579,"285,079",0.000587,107
240,0.000587,"Oct 11, 2017",0.000839,0.000580,"403,040",0.000831,535
241,0.000820,"Oct 10, 2017",0.001409,0.000571,"298,825",0.000616,"1,397"
242,0.000622,"Oct 09, 2017",0.000676,0.000518,"284,884",0.000587,472
243,0.000587,"Oct 08, 2017",0.000641,0.000427,"256,961",0.000530,812
244,0.000531,"Oct 07, 2017",0.002266,0.000439,"352,699",0.000727,"1,601"
245,0.000726,"Oct 06, 2017",0.000820,0.000595,"390,241",0.000804,161
246,0.000807,"Oct 05, 2017",0.001611,0.000515,"260,489",0.000537,648
247,0.000536,"Oct 04, 2017",0.000629,0.000496,"261,774",0.000540,111
248,0.000539,"Oct 03, 2017",0.002856,0.000499,"257,733",0.000531,46
249,0.000532,"Oct 02, 2017",0.000609,0.000490,"262,845",0.000542,140
250,0.000542,"Oct 01, 2017",0.000615,0.000491,"244,004",0.000503,357
251,0.000502,"Sep 30, 2017",0.000627,0.000466,"240,326",0.000495,205
252,0.000491,"Sep 29, 2017",0.000539,0.000410,"260,758",0.000538,836
253,0.000538,"Sep 28, 2017",0.001972,0.000536,"482,805",0.000995,86
254,0.001004,"Sep 27, 2017",0.002013,0.000471,"340,328",0.000702,259
255,0.000701,"Sep 26, 2017",0.001210,0.000508,"484,489",0.000999,493
256,0.000998,"Sep 25, 2017",0.000998,0.000478,"291,657",0.000601,385
257,0.000602,"Sep 24, 2017",0.000688,0.000486,"270,234",0.000557,226
258,0.000557,"Sep 23, 2017",0.001360,0.000462,"225,129",0.000464,209
259,0.000466,"Sep 22, 2017",0.002852,0.000397,"294,047",0.000606,326
260,0.000606,"Sep 21, 2017",0.000689,0.000428,"211,384",0.000436,845
261,0.000438,"Sep 20, 2017",0.000736,0.000437,"243,315",0.000502,167
262,0.000502,"Sep 19, 2017",0.000776,0.000488,"375,330",0.000774,245
263,0.000775,"Sep 18, 2017",0.001082,0.000531,"266,077",0.000549,217
264,0.000549,"Sep 17, 2017",0.000627,0.000433,"294,319",0.000607,757
265,0.000610,"Sep 16, 2017",0.000934,0.000431,"229,895",0.000474,553
266,0.000474,"Sep 15, 2017",0.001467,0.000390,"711,202",0.001467,"1,383"
267,0.001489,"Sep 14, 2017",0.002094,0.000520,"265,313",0.000547,604
268,0.000541,"Sep 13, 2017",0.000627,0.000511,"303,637",0.000627,63
269,0.000628,"Sep 12, 2017",0.000728,0.000597,"320,819",0.000662,271
270,0.000662,"Sep 11, 2017",0.000731,0.000578,"317,914",0.000656,461
271,0.000656,"Sep 10, 2017",0.000811,0.000624,"323,860",0.000668,479
272,0.000669,"Sep 09, 2017",0.000898,0.000624,"418,636",0.000864,339
273,0.000863,"Sep 08, 2017",0.001288,0.000649,"326,300",0.000673,750
274,0.000673,"Sep 07, 2017",0.001326,0.000586,"307,209",0.000634,656
275,0.000629,"Sep 06, 2017",0.000797,0.000589,"329,278",0.000679,"2,862"
276,0.000679,"Sep 05, 2017",0.001109,0.000655,"399,632",0.000825,"2,570"
277,0.000820,"Sep 04, 2017",0.000823,0.000620,"362,608",0.000748,447
278,0.000748,"Sep 03, 2017",0.001209,0.000728,"527,622",0.001089,"1,220"
279,0.001150,"Sep 02, 2017",0.002474,0.000830,"434,991",0.000898,515
280,0.000907,"Sep 01, 2017",0.001400,0.000721,"398,808",0.000823,990
281,0.000815,"Aug 31, 2017",0.000827,0.000616,"299,868",0.000619,"1,276"
282,0.000619,"Aug 30, 2017",0.000835,0.000619,"347,980",0.000718,511
283,0.000719,"Aug 29, 2017",0.000939,0.000640,"451,248",0.000931,254
284,0.000931,"Aug 28, 2017",0.001132,0.000568,"331,990",0.000685,487
285,0.000686,"Aug 27, 2017",0.000909,0.000592,"365,187",0.000754,275
286,0.000633,"Aug 26, 2017",0.000804,0.000573,"297,003",0.000613,134
287,0.000613,"Aug 25, 2017",0.000968,0.000583,"433,216",0.000894,"1,316"
288,0.000895,"Aug 24, 2017",0.000895,0.000623,"340,299",0.000702,499
289,0.000702,"Aug 23, 2017",0.001145,0.000628,"365,884",0.000755,"1,128"
290,0.000756,"Aug 22, 2017",0.001926,0.000622,"906,794",0.001872,"1,028"
291,0.001868,"Aug 21, 2017",0.002144,0.000600,"307,069",0.000634,423
292,0.000638,"Aug 20, 2017",0.001045,0.000515,"275,322",0.000568,677
293,0.000568,"Aug 19, 2017",0.000837,0.000524,"331,836",0.000685,865
294,0.000695,"Aug 18, 2017",0.000942,0.000615,"368,827",0.000761,981
295,0.000760,"Aug 17, 2017",0.001107,0.000491,"388,620",0.000802,"1,671"
296,0.000792,"Aug 16, 2017",0.001012,0.000591,"289,117",0.000597,"2,165"
297,0.000615,"Aug 15, 2017",0.000769,0.000439,"225,348",0.000465,"1,539"
298,0.000649,"Aug 14, 2017",0.001586,0.000635,"739,772",0.001527,"1,244"
299,0.001533,"Aug 13, 2017",0.001895,0.000687,"385,208",0.000795,"1,043"
300,0.000799,"Aug 12, 2017",0.002341,0.000784,"1,112,010",0.002296,472
301,0.002292,"Aug 11, 2017",0.003024,0.000596,"389,570",0.000804,"1,511"
302,0.000805,"Aug 10, 2017",0.000833,0.000611,"324,550",0.000670,273
303,0.000669,"Aug 09, 2017",0.000793,0.000648,"357,638",0.000738,522
304,0.000739,"Aug 08, 2017",0.000891,0.000556,"346,408",0.000715,457
305,0.000715,"Aug 07, 2017",0.001066,0.000649,"314,126",0.000649,509
306,0.000649,"Aug 06, 2017",0.001075,0.000641,"494,966",0.001022,815
307,0.001021,"Aug 05, 2017",0.001208,0.000568,"282,707",0.000584,"2,169"
308,0.000584,"Aug 04, 2017",0.000665,0.000543,"273,109",0.000564,767
309,0.000564,"Aug 03, 2017",0.001269,0.000528,"284,101",0.000587,372
310,0.000586,"Aug 02, 2017",0.000591,0.000482,"258,781",0.000534,562
311,0.000534,"Aug 01, 2017",0.000701,0.000534,"302,025",0.000624,317
312,0.000624,"Jul 31, 2017",0.000797,0.000602,"338,363",0.000699,597
313,0.000706,"Jul 30, 2017",0.000733,0.000568,"303,071",0.000626,759
314,0.000627,"Jul 29, 2017",0.000663,0.000549,"308,707",0.000637,436
315,0.000639,"Jul 28, 2017",0.000717,0.000586,"341,942",0.000706,799
316,0.000706,"Jul 27, 2017",0.000748,0.000586,"300,060",0.000620,215
317,0.000619,"Jul 26, 2017",0.000740,0.000608,"314,759",0.000650,389
318,0.000654,"Jul 25, 2017",0.000961,0.000617,"392,925",0.000811,826
319,0.000842,"Jul 24, 2017",0.001182,0.000698,"554,082",0.001144,641
320,0.001146,"Jul 23, 2017",0.001703,0.000681,"367,986",0.000760,495
321,0.000760,"Jul 22, 2017",0.001002,0.000627,"438,507",0.000905,729
322,0.000905,"Jul 21, 2017",0.001181,0.000692,"354,870",0.000733,946
323,0.000728,"Jul 20, 2017",0.000806,0.000620,"328,037",0.000677,411
324,0.000676,"Jul 19, 2017",0.000747,0.000621,"311,407",0.000643,557
325,0.000647,"Jul 18, 2017",0.000771,0.000580,"308,148",0.000636,311
326,0.000638,"Jul 17, 2017",0.000728,0.000520,"251,859",0.000520,"1,559"
327,0.000521,"Jul 16, 2017",0.000552,0.000437,"240,467",0.000496,"1,333"
328,0.000498,"Jul 15, 2017",0.000550,0.000477,"263,357",0.000544,940
329,0.000544,"Jul 14, 2017",0.000635,0.000521,"279,998",0.000578,374
330,0.000580,"Jul 13, 2017",0.000642,0.000502,"286,920",0.000592,716
331,0.000577,"Jul 12, 2017",0.000633,0.000534,"298,712",0.000617,525
332,0.000617,"Jul 11, 2017",0.000665,0.000529,"297,319",0.000614,856
333,0.000615,"Jul 10, 2017",0.000726,0.000606,"330,470",0.000682,339
334,0.000682,"Jul 09, 2017",0.000877,0.000682,"371,417",0.000767,788
335,0.000768,"Jul 08, 2017",0.000947,0.000652,"408,013",0.000843,727
336,0.000844,"Jul 07, 2017",0.000967,0.000754,"453,054",0.000936,588
337,0.000936,"Jul 06, 2017",0.001131,0.000825,"475,054",0.000981,"3,239"
338,0.000980,"Jul 05, 2017",0.000983,0.000694,"387,787",0.000801,"2,749"
339,0.000801,"Jul 04, 2017",0.000860,0.000665,"398,297",0.000823,"2,545"
340,0.000822,"Jul 03, 2017",0.001044,0.000737,"491,683",0.001015,"1,712"
341,0.000920,"Jul 02, 2017",0.001270,0.000689,"335,535",0.000693,"2,648"
342,0.000694,"Jul 01, 2017",0.000931,0.000694,"359,063",0.000742,"1,438"
343,0.000743,"Jun 30, 2017",0.000912,0.000608,"335,981",0.000694,"1,528"
344,0.000693,"Jun 29, 2017",0.000951,0.000675,"424,453",0.000877,914
345,0.000883,"Jun 28, 2017",0.000947,0.000597,"340,506",0.000703,"2,976"
346,0.000699,"Jun 27, 2017",0.000924,0.000529,"285,929",0.000591,830
347,0.000591,"Jun 26, 2017",0.000799,0.000530,"297,285",0.000614,"2,083"
348,0.000616,"Jun 25, 2017",0.001263,0.000581,"306,472",0.000633,914
349,0.000634,"Jun 24, 2017",0.000722,0.000622,"304,543",0.000629,"2,857"
350,0.000626,"Jun 23, 2017",0.000673,0.000514,"303,900",0.000628,954
351,0.000626,"Jun 22, 2017",0.000677,0.000538,"266,096",0.000550,814
352,0.000550,"Jun 21, 2017",0.000733,0.000515,"354,970",0.000733,590
353,0.000628,"Jun 20, 2017",0.000772,0.000528,"307,378",0.000635,"1,805"
354,0.000639,"Jun 19, 2017",0.000778,0.000601,"326,942",0.000676,"1,578"
355,0.000673,"Jun 18, 2017",0.000729,0.000552,"334,787",0.000692,"1,145"
356,0.000692,"Jun 17, 2017",0.000840,0.000528,"258,280",0.000534,"5,341"
357,0.000532,"Jun 16, 2017",0.000799,0.000439,"220,700",0.000456,644
358,0.000456,"Jun 15, 2017",0.000514,0.000367,"227,671",0.000470,"4,070"
359,0.000470,"Jun 14, 2017",0.000581,0.000422,"213,782",0.000442,"2,014"
360,0.000442,"Jun 13, 2017",0.000458,0.000405,"206,748",0.000427,536
361,0.000429,"Jun 12, 2017",0.000478,0.000394,"212,418",0.000439,695
362,0.000439,"Jun 11, 2017",0.000465,0.000301,"180,497",0.000373,508
363,0.000373,"Jun 10, 2017",0.000506,0.000372,"242,067",0.000500,959
364,0.000500,"Jun 09, 2017",0.000546,0.000376,"208,433",0.000431,"2,715"
365,0.000431,"Jun 08, 2017",0.000503,0.000340,"207,777",0.000429,"2,588"
366,0.000428,"Jun 07, 2017",0.000745,0.000422,"214,455",0.000443,"4,748"
367,0.000428,"Jun 06, 2017",0.001194,0.000296,"173,835",0.000359,"2,216"
368,0.000359,"Jun 05, 2017",0.000410,0.000154,"81,033",0.000167,"4,587"
369,0.000167,"Jun 04, 2017",0.000191,0.000118,"81,479",0.000168,"2,578"
370,0.000167,"Jun 03, 2017",0.000407,0.000139,"122,262",0.000253,"2,486"
371,0.000253,"Jun 02, 2017",0.000302,0.000186,"146,112",0.000302,965
372,0.000293,"Jun 01, 2017",0.000385,0.000223,"161,716",0.000334,"2,769"
373,0.000334,"May 31, 2017",0.000392,0.000316,"186,242",0.000385,35
374,0.000383,"May 30, 2017",0.000495,0.000373,"198,687",0.000411,123
375,0.000410,"May 29, 2017",0.000505,0.000260,"129,499",0.000268,186
376,0.000269,"May 28, 2017",0.000375,0.000264,"134,213",0.000277,14
377,0.000276,"May 27, 2017",0.000429,0.000264,"205,439",0.000425,149
378,0.000424,"May 26, 2017",0.000591,0.000377,"225,091",0.000465,368
379,0.000468,"May 25, 2017",0.000531,0.000314,"185,983",0.000385,"2,731"
380,0.000386,"May 24, 2017",0.000459,0.000319,"163,323",0.000338,545
381,0.000338,"May 23, 2017",0.000360,0.000274,"138,829",0.000287,"1,598"
382,0.000287,"May 22, 2017",0.000337,0.000273,"148,345",0.000307,273
383,0.000296,"May 21, 2017",0.000344,0.000228,"118,046",0.000244,210
384,0.000244,"May 20, 2017",0.001613,0.000217,"130,280",0.000269,881
385,0.000269,"May 19, 2017",0.000530,0.000225,"108,574",0.000225,208
386,0.000225,"May 18, 2017",0.000261,0.000200,"96,595",0.000200,38
387,0.000200,"May 17, 2017",0.000217,0.000199,"100,545",0.000208,27
388,0.000208,"May 16, 2017",0.000223,0.000154,"92,643",0.000192,382
389,0.000192,"May 15, 2017",0.000257,0.000188,"108,617",0.000225,235
390,0.000224,"May 14, 2017",0.000330,0.000203,"159,547",0.000330,40
391,0.000329,"May 13, 2017",0.000334,0.000171,"89,976",0.000186,77
392,0.000186,"May 12, 2017",0.000263,0.000177,"118,448",0.000245,143
393,0.000246,"May 11, 2017",0.000428,0.000201,"192,835",0.000399,13
394,0.000398,"May 10, 2017",0.000398,0.000209,"159,111",0.000329,18
395,0.000329,"May 09, 2017",0.000589,0.000199,"282,339",0.000584,"1,619"
396,0.000583,"May 08, 2017",0.000589,0.000150,"77,424",0.000160,11
397,0.000159,"May 07, 2017",0.000254,0.000152,"122,648",0.000254,37
398,0.000254,"May 06, 2017",0.000340,0.000180,"111,587",0.000231,76
399,0.000231,"May 05, 2017",0.000250,0.000173,"83,441",0.000173,57
400,0.000172,"May 04, 2017",0.000293,0.000168,"85,175",0.000176,76
401,0.000175,"May 03, 2017",0.000189,0.000151,"81,914",0.000169,189
402,0.000169,"May 02, 2017",0.000182,0.000157,"87,274",0.000181,47
403,0.000181,"May 01, 2017",0.000190,0.000168,"90,686",0.000188,9
404,0.000188,"Apr 30, 2017",0.000188,0.000172,"85,608",0.000177,98
405,0.000169,"Apr 29, 2017",0.000198,0.000167,"82,278",0.000170,49
406,0.000170,"Apr 28, 2017",0.000219,0.000149,"76,932",0.000159,84
407,0.000160,"Apr 27, 2017",0.000205,0.000157,"93,084",0.000193,84
408,0.000192,"Apr 26, 2017",0.000223,0.000169,"103,781",0.000215,68
409,0.000215,"Apr 25, 2017",0.000257,0.000149,"72,355",0.000150,82
410,0.000145,"Apr 24, 2017",0.000185,0.000129,"81,766",0.000169,26
411,0.000168,"Apr 23, 2017",0.000201,0.000143,"69,552",0.000144,12
412,0.000143,"Apr 22, 2017",0.000155,0.000134,"73,834",0.000153,53
413,0.000153,"Apr 21, 2017",0.000265,0.000134,"70,564",0.000146,42
414,0.000146,"Apr 20, 2017",0.000268,0.000123,"76,021",0.000157,134
415,0.000157,"Apr 19, 2017",0.000158,0.000121,"66,807",0.000138,"1,084"
416,0.000138,"Apr 18, 2017",0.000161,0.000135,"75,552",0.000156,78
417,0.000156,"Apr 17, 2017",0.002457,0.000156,"658,706",0.001364,281
418,0.001347,"Apr 16, 2017",0.001579,0.000129,"70,262",0.000145,7
419,0.000146,"Apr 15, 2017",0.000192,0.000124,"77,291",0.000160,174
420,0.000160,"Apr 14, 2017",0.000191,0.000127,"87,315",0.000181,29
421,0.000181,"Apr 13, 2017",0.000229,0.000136,"77,999",0.000161,103
422,0.000161,"Apr 12, 2017",0.000393,0.000161,"181,792",0.000376,16
423,0.000376,"Apr 11, 2017",0.000397,0.000135,"67,872",0.000141,33
424,0.000139,"Apr 10, 2017",0.338045,0.000138,"19,103,100",0.039551,212
425,0.039579,"Apr 09, 2017",0.042287,0.000118,"112,861",0.000234,93
426,0.000232,"Apr 08, 2017",0.000232,0.000117,"56,835",0.000118,54
427,0.000118,"Apr 07, 2017",0.000155,0.000118,"58,934",0.000122,3
428,0.000122,"Apr 06, 2017",0.000136,0.000118,"60,634",0.000126,36
429,0.000125,"Apr 05, 2017",0.000149,0.000068,"57,742",0.000120,147
430,0.000119,"Apr 04, 2017",0.000171,0.000109,"59,583",0.000123,0
431,0.000123,"Apr 03, 2017",0.000161,0.000122,"75,057",0.000155,47
432,0.000155,"Apr 02, 2017",0.000175,0.000122,"83,526",0.000173,14
433,0.000173,"Apr 01, 2017",0.000184,0.000135,"75,390",0.000156,6
434,0.000156,"Mar 31, 2017",0.000180,0.000109,"54,540",0.000113,3
435,0.000113,"Mar 30, 2017",0.000125,0.000101,"51,483",0.000107,283
436,0.000106,"Mar 29, 2017",0.000122,0.000084,"40,698",0.000084,4
437,0.000084,"Mar 28, 2017",0.000128,0.000083,"60,827",0.000126,7
438,0.000126,"Mar 27, 2017",0.000143,0.000103,"63,727",0.000132,16
439,0.000131,"Mar 26, 2017",0.000138,0.000113,"54,643",0.000113,44
440,0.000113,"Mar 25, 2017",0.000175,0.000075,"37,289",0.000077,37
441,0.000077,"Mar 24, 2017",0.000128,0.000077,"58,383",0.000121,7
442,0.000121,"Mar 23, 2017",0.000255,0.000105,"80,249",0.000166,42
443,0.000166,"Mar 22, 2017",0.000168,0.000103,"72,413",0.000150,12
444,0.000150,"Mar 21, 2017",0.000165,0.000102,"53,045",0.000110,6
445,0.000110,"Mar 20, 2017",0.000123,0.000109,"54,210",0.000112,5
446,0.000112,"Mar 19, 2017",0.000117,0.000100,"51,668",0.000107,6
447,0.000107,"Mar 18, 2017",0.000117,0.000103,"49,860",0.000103,3
448,0.000103,"Mar 17, 2017",0.000120,0.000097,"56,173",0.000116,6
449,0.000112,"Mar 16, 2017",0.000131,0.000109,"62,684",0.000130,18
450,0.000155,"Mar 15, 2017",0.000173,0.000132,"64,094",0.000133,7
451,0.000133,"Mar 14, 2017",0.000150,0.000130,"68,483",0.000142,9
452,0.000142,"Mar 13, 2017",0.000148,0.000095,"46,133",0.000096,11
453,0.000096,"Mar 12, 2017",0.000148,0.000089,"68,978",0.000143,20
454,0.000143,"Mar 11, 2017",0.000405,0.000142,"80,520",0.000167,5
455,0.000166,"Mar 10, 2017",0.000180,0.000110,"53,973",0.000112,1
456,0.000112,"Mar 09, 2017",0.000190,0.000108,"52,868",0.000110,25
457,0.000110,"Mar 08, 2017",0.000136,0.000104,"59,643",0.000124,5
458,0.000124,"Mar 07, 2017",0.000184,0.000113,"70,684",0.000146,27
459,0.000147,"Mar 06, 2017",0.000195,0.000132,"69,396",0.000144,7
460,0.000144,"Mar 05, 2017",0.000160,0.000132,"70,961",0.000147,7
461,0.000140,"Mar 04, 2017",0.000175,0.000116,"68,027",0.000141,6
462,0.000141,"Mar 03, 2017",0.000161,0.000067,"74,846",0.000155,333
463,0.000155,"Mar 02, 2017",0.000198,0.000119,"75,220",0.000156,20
464,0.000158,"Mar 01, 2017",0.000215,0.000106,"103,296",0.000214,1
465,0.000214,"Feb 28, 2017",0.000235,0.000093,"45,105",0.000093,18
466,0.000093,"Feb 27, 2017",0.000362,0.000093,"56,421",0.000117,6
467,0.000117,"Feb 26, 2017",0.000137,0.000116,"58,750",0.000122,5
468,0.000122,"Feb 25, 2017",0.000143,0.000122,"64,927",0.000135,1
469,0.000135,"Feb 24, 2017",0.000165,0.000124,"61,709",0.000128,0
470,0.000128,"Feb 23, 2017",0.000138,0.000123,"59,312",0.000123,1
471,0.000123,"Feb 22, 2017",0.000135,0.000116,"64,150",0.000133,2
472,0.000133,"Feb 21, 2017",0.000156,0.000118,"67,031",0.000139,1
473,0.000125,"Feb 20, 2017",0.000134,0.000113,"64,564",0.000134,2
474,0.000134,"Feb 19, 2017",0.000284,0.000115,"137,030",0.000284,4
475,0.000284,"Feb 18, 2017",0.000285,0.000152,"76,338",0.000158,14
476,0.000158,"Feb 17, 2017",0.000160,0.000113,"54,698",0.000113,0
477,0.000113,"Feb 16, 2017",0.000130,0.000113,"60,908",0.000126,0
478,0.000126,"Feb 15, 2017",0.000130,0.000101,"60,182",0.000125,4
479,0.000124,"Feb 14, 2017",0.000130,0.000104,"62,528",0.000130,20
480,0.000129,"Feb 13, 2017",0.000151,0.000129,"72,598",0.000150,5
481,0.000150,"Feb 12, 2017",0.000207,0.000120,"85,583",0.000177,14
482,0.000178,"Feb 11, 2017",0.000192,0.000130,"76,357",0.000158,6
483,0.000158,"Feb 10, 2017",0.000159,0.000068,"34,861",0.000072,1
484,0.000072,"Feb 09, 2017",0.000183,0.000070,"77,327",0.000160,205
485,0.000160,"Feb 08, 2017",0.000186,0.000144,"80,295",0.000166,6
486,0.000166,"Feb 07, 2017",0.000170,0.000155,"75,262",0.000156,10
487,0.000156,"Feb 06, 2017",0.000157,0.000153,"73,977",0.000153,12
488,0.000153,"Feb 05, 2017",0.000163,0.000136,"78,647",0.000163,0
489,0.000163,"Feb 04, 2017",0.000198,0.000163,"95,134",0.000197,21
490,0.000197,"Feb 03, 2017",0.000198,0.000124,"59,953",0.000124,5
491,0.000124,"Feb 02, 2017",0.000149,0.000122,"71,287",0.000148,17
492,0.000148,"Feb 01, 2017",0.000158,0.000136,"72,200",0.000150,2
493,0.000150,"Jan 31, 2017",0.000177,0.000130,"74,736",0.000155,3
494,0.000155,"Jan 30, 2017",0.000273,0.000129,"62,103",0.000129,4
495,0.000129,"Jan 29, 2017",0.000143,0.000123,"59,520",0.000123,3
496,0.000123,"Jan 28, 2017",0.000232,0.000115,"57,575",0.000119,3
497,0.000119,"Jan 27, 2017",0.000129,0.000119,"57,837",0.000120,3
498,0.000120,"Jan 26, 2017",0.000134,0.000119,"63,354",0.000131,4
499,0.000131,"Jan 25, 2017",0.000174,0.000116,"55,989",0.000116,6
500,0.000116,"Jan 24, 2017",0.000136,0.000116,"65,589",0.000136,10
501,0.000136,"Jan 23, 2017",0.000151,0.000136,"66,921",0.000139,1
502,0.000138,"Jan 22, 2017",0.000151,0.000129,"62,239",0.000129,1
503,0.000129,"Jan 21, 2017",0.000147,0.000128,"69,087",0.000143,1
504,0.000143,"Jan 20, 2017",0.000144,0.000124,"60,522",0.000125,6
505,0.000126,"Jan 19, 2017",0.000144,0.000124,"59,846",0.000124,0
506,0.000124,"Jan 18, 2017",0.000145,0.000119,"69,209",0.000143,13
507,0.000143,"Jan 17, 2017",0.000146,0.000112,"53,920",0.000112,0
508,0.000112,"Jan 16, 2017",0.000124,0.000111,"56,275",0.000117,1
509,0.000117,"Jan 15, 2017",0.000132,0.000112,"55,270",0.000115,1
510,0.000115,"Jan 14, 2017",0.000134,0.000114,"63,596",0.000132,1
511,0.000132,"Jan 13, 2017",0.000133,0.000106,"54,833",0.000114,1
512,0.000114,"Jan 12, 2017",0.000117,0.000098,"52,523",0.000109,3
513,0.000109,"Jan 11, 2017",0.000156,0.000109,"74,394",0.000154,1
514,0.000154,"Jan 10, 2017",0.000155,0.000127,"73,788",0.000153,1
515,0.000153,"Jan 09, 2017",0.000223,0.000141,"70,322",0.000146,2
516,0.000146,"Jan 08, 2017",0.000149,0.000117,"56,681",0.000118,10
517,0.000089,"Jan 07, 2017",0.000091,0.000082,"43,578",0.000090,73
518,0.000090,"Jan 06, 2017",0.000136,0.000090,"64,623",0.000134,74
519,0.000134,"Jan 05, 2017",0.000201,0.000127,"82,306",0.000171,8
520,0.000170,"Jan 04, 2017",0.000171,0.000149,"71,710",0.000149,0
521,0.000149,"Jan 03, 2017",0.000176,0.000144,"69,228",0.000144,0
522,0.000144,"Jan 02, 2017",0.000194,0.000060,"82,490",0.000171,27
523,0.000171,"Jan 01, 2017",0.000172,0.000154,"80,373",0.000167,1
524,0.000167,"Dec 31, 2016",0.000167,0.000151,"73,927",0.000153,3
525,0.000153,"Dec 30, 2016",0.000167,0.000137,"76,981",0.000160,12
526,0.000160,"Dec 29, 2016",0.000175,0.000153,"83,974",0.000174,1
527,0.000174,"Dec 28, 2016",0.000175,0.000142,"68,477",0.000142,9
528,0.000142,"Dec 27, 2016",0.000169,0.000136,"67,596",0.000140,28
529,0.000140,"Dec 26, 2016",0.000150,0.000130,"63,535",0.000132,1
530,0.000132,"Dec 25, 2016",0.000132,0.000119,"60,305",0.000125,0
531,0.000125,"Dec 24, 2016",0.000127,0.000115,"57,882",0.000120,2
532,0.000120,"Dec 23, 2016",0.000138,0.000114,"66,376",0.000138,14
533,0.000138,"Dec 22, 2016",0.000139,0.000111,"53,782",0.000112,0
534,0.000111,"Dec 21, 2016",0.000131,0.000104,"50,217",0.000104,0
535,0.000104,"Dec 20, 2016",0.000119,0.000103,"50,217",0.000104,22
536,0.000104,"Dec 19, 2016",0.000114,0.000104,"53,376",0.000111,2
537,0.000111,"Dec 18, 2016",0.000122,0.000111,"58,753",0.000122,15
538,0.000122,"Dec 17, 2016",0.000122,0.000113,"54,565",0.000113,2
539,0.000113,"Dec 16, 2016",0.000114,0.000109,"52,536",0.000109,2
540,0.000109,"Dec 15, 2016",0.000117,0.000099,"53,890",0.000112,3
541,0.000112,"Dec 14, 2016",0.000125,0.000108,"53,073",0.000110,4
542,0.000110,"Dec 13, 2016",0.000118,0.000108,"52,026",0.000108,3
543,0.000108,"Dec 12, 2016",0.000114,0.000100,"50,701",0.000105,3
544,0.000105,"Dec 11, 2016",0.000128,0.000092,"44,880",0.000093,40
545,0.000093,"Dec 10, 2016",0.000109,0.000093,"48,819",0.000101,18
546,0.000101,"Dec 09, 2016",0.000124,0.000092,"44,592",0.000092,1
547,0.000093,"Dec 08, 2016",0.000103,0.000092,"46,474",0.000096,46
548,0.000096,"Dec 07, 2016",0.000265,0.000091,"44,233",0.000092,40
549,0.000092,"Dec 06, 2016",0.000106,0.000091,"47,482",0.000098,1
550,0.000098,"Dec 05, 2016",0.000106,0.000083,"44,786",0.000093,57
551,0.000093,"Dec 04, 2016",0.000093,0.000085,"44,232",0.000092,90
552,0.000092,"Dec 03, 2016",0.000124,0.000040,"19,469",0.000040,6
553,0.000040,"Dec 02, 2016",0.000098,0.000040,"46,938",0.000097,2
554,0.000097,"Dec 01, 2016",0.000147,0.000097,"57,366",0.000119,19
555,0.000119,"Nov 30, 2016",0.000191,0.000100,"49,112",0.000102,73
556,0.000102,"Nov 29, 2016",0.000153,0.000080,"67,374",0.000140,89
557,0.000140,"Nov 28, 2016",0.000161,0.000140,"68,107",0.000141,8
558,0.000141,"Nov 27, 2016",0.000184,0.000124,"60,216",0.000125,96
559,0.000125,"Nov 26, 2016",0.000148,0.000104,"50,079",0.000104,132
560,0.000104,"Nov 25, 2016",0.000178,0.000103,"61,398",0.000127,61
561,0.000127,"Nov 24, 2016",0.000127,0.000018,"50,550",0.000105,588
562,0.000105,"Nov 23, 2016",0.000126,0.000104,"50,552",0.000105,28
563,0.000105,"Nov 22, 2016",0.000118,0.000099,"55,969",0.000116,1
564,0.000116,"Nov 21, 2016",0.000118,0.000092,"49,060",0.000102,1
565,0.000102,"Nov 20, 2016",0.000160,0.000100,"75,661",0.000157,0
566,0.000157,"Nov 19, 2016",0.000157,0.000105,"54,974",0.000114,1
567,0.000114,"Nov 18, 2016",0.000120,0.000095,"45,817",0.000095,5
568,0.000095,"Nov 17, 2016",0.000112,0.000095,"50,199",0.000104,0
569,0.000104,"Nov 16, 2016",0.000146,0.000098,"58,227",0.000121,13
570,0.000121,"Nov 15, 2016",0.000121,0.000078,"37,583",0.000078,3
571,0.000078,"Nov 14, 2016",0.000126,0.000077,"60,890",0.000126,65
572,0.000126,"Nov 13, 2016",0.000189,0.000126,"84,663",0.000176,89
573,0.000176,"Nov 12, 2016",0.000176,0.000088,"42,229",0.000088,89
574,0.000088,"Nov 11, 2016",0.000094,0.000080,"40,628",0.000084,14
575,0.000084,"Nov 10, 2016",0.000109,0.000084,"45,253",0.000094,19
576,0.000094,"Nov 09, 2016",0.000221,0.000079,"67,598",0.000140,253
577,0.000140,"Nov 08, 2016",0.000141,0.000060,"30,452",0.000063,53
578,0.000063,"Nov 07, 2016",0.000141,0.000042,"24,024",0.000050,211
579,0.000050,"Nov 06, 2016",0.000071,0.000042,"20,333",0.000042,83
580,0.000042,"Nov 05, 2016",0.000063,0.000042,"23,717",0.000049,98
581,0.000049,"Nov 04, 2016",0.000064,0.000041,"29,859",0.000062,12
582,0.000062,"Nov 03, 2016",0.000062,0.000037,"17,899",0.000037,41
583,0.000037,"Nov 02, 2016",0.000044,0.000037,"21,091",0.000044,6
584,0.000044,"Nov 01, 2016",0.000059,0.000042,"20,263",0.000042,1
585,0.000042,"Oct 31, 2016",0.000057,0.000042,"27,054",0.000056,5
586,0.000056,"Oct 30, 2016",0.000056,0.000040,"21,268",0.000044,3
587,0.000044,"Oct 29, 2016",0.000056,0.000042,"26,579",0.000055,9
588,0.000055,"Oct 28, 2016",0.000055,0.000055,"26,527",0.000055,0
589,0.000055,"Oct 27, 2016",0.000055,0.000041,"20,171",0.000042,5
590,0.000042,"Oct 26, 2016",0.000054,0.000041,"25,269",0.000052,3
591,0.000052,"Oct 25, 2016",0.000059,0.000033,"25,195",0.000052,73
592,0.000052,"Oct 24, 2016",0.000059,0.000047,"22,599",0.000047,8
593,0.000047,"Oct 23, 2016",0.000055,0.000046,"22,164",0.000046,1
594,0.000046,"Oct 22, 2016",0.000053,0.000046,"24,393",0.000051,5
595,0.000051,"Oct 21, 2016",0.000057,0.000044,"27,341",0.000057,0
596,0.000057,"Oct 20, 2016",0.000057,0.000039,"18,695",0.000039,21
597,0.000039,"Oct 19, 2016",0.000057,0.000038,"27,657",0.000057,68
598,0.000057,"Oct 18, 2016",0.000058,0.000045,"24,631",0.000051,40
599,0.000051,"Oct 17, 2016",0.000056,0.000051,"26,218",0.000054,57
600,0.000054,"Oct 16, 2016",0.000090,0.000054,"43,065",0.000089,0
601,0.000089,"Oct 15, 2016",0.000090,0.000051,"24,675",0.000051,0
602,0.000051,"Oct 14, 2016",0.000052,0.000051,"24,767",0.000051,87
603,0.000051,"Oct 13, 2016",0.000051,0.000044,"21,450",0.000045,0
604,0.000045,"Oct 12, 2016",0.000051,0.000045,"24,701",0.000051,0
605,0.000051,"Oct 11, 2016",0.000051,0.000043,"20,851",0.000043,0
606,0.000043,"Oct 10, 2016",0.000050,0.000043,"20,792",0.000043,3
607,0.000043,"Oct 09, 2016",0.000049,0.000043,"23,835",0.000049,0
608,0.000049,"Oct 08, 2016",0.000049,0.000017,"21,229",0.000044,0
609,0.000044,"Oct 07, 2016",0.000053,0.000044,"23,618",0.000049,0
610,0.000049,"Oct 06, 2016",0.000049,0.000049,"23,598",0.000049,0
611,0.000049,"Oct 05, 2016",0.000049,0.000021,"10,243",0.000021,0
612,0.000021,"Oct 04, 2016",0.000021,0.000021,"10,237",0.000021,0
613,0.000049,"Oct 03, 2016",0.000049,0.000047,"23,423",0.000049,0
614,0.000049,"Oct 02, 2016",0.000055,0.000037,"18,059",0.000038,5
615,0.000038,"Oct 01, 2016",0.000055,0.000017,"26,426",0.000055,0
616,0.000055,"Sep 30, 2016",0.000055,0.000042,"20,341",0.000042,62
617,0.000042,"Sep 29, 2016",0.000042,0.000017,"18,019",0.000037,1
618,0.000037,"Sep 28, 2016",0.000038,0.000017,"8,233",0.000017,0
619,0.000017,"Sep 27, 2016",0.000039,0.000017,"15,601",0.000032,0
620,0.000032,"Sep 26, 2016",0.000032,0.000029,"14,218",0.000030,0
621,0.000030,"Sep 25, 2016",0.000041,0.000029,"17,410",0.000036,5
622,0.000036,"Sep 24, 2016",0.000063,0.000036,"24,899",0.000052,0
623,0.000052,"Sep 23, 2016",0.000052,0.000042,"22,043",0.000046,0
624,0.000046,"Sep 22, 2016",0.000058,0.000040,"20,123",0.000042,2
625,0.000042,"Sep 21, 2016",0.000091,0.000036,"17,639",0.000037,1
626,0.000037,"Sep 20, 2016",0.000037,0.000036,"17,611",0.000037,5
627,0.000037,"Sep 19, 2016",0.000037,0.000030,"14,665",0.000030,0
628,0.000030,"Sep 18, 2016",0.000043,0.000030,"20,422",0.000042,0
629,0.000042,"Sep 17, 2016",0.000043,0.000042,"20,456",0.000042,2
630,0.000042,"Sep 16, 2016",0.000043,0.000042,"20,462",0.000043,2
631,0.000043,"Sep 15, 2016",0.000061,0.000036,"20,578",0.000043,29
632,0.000043,"Sep 14, 2016",0.000073,0.000043,"20,529",0.000043,30
633,0.000043,"Sep 13, 2016",0.000067,0.000030,"23,423",0.000049,187
634,0.000049,"Sep 12, 2016",0.000049,0.000044,"22,238",0.000046,0
635,0.000046,"Sep 11, 2016",0.000064,0.000041,"21,009",0.000044,10
636,0.000044,"Sep 10, 2016",0.000044,0.000043,"20,754",0.000043,20
637,0.000043,"Sep 09, 2016",0.000063,0.000025,"30,147",0.000063,92
638,0.000063,"Sep 08, 2016",0.000082,0.000012,"35,627",0.000074,304
639,0.000074,"Sep 07, 2016",0.000091,0.000054,"25,994",0.000054,21
640,0.000054,"Sep 06, 2016",0.000108,0.000054,"49,630",0.000103,90
641,0.000103,"Sep 05, 2016",0.000121,0.000091,"43,939",0.000091,432
642,0.000091,"Sep 04, 2016",0.000140,0.000091,"63,339",0.000132,"2,263"
643,0.000132,"Sep 03, 2016",0.000138,0.000121,"63,707",0.000132,"1,085"
644,0.000132,"Sep 02, 2016",0.000172,0.000109,"57,840",0.000120,"1,828"
645,0.000109,"Sep 01, 2016",0.000121,0.000109,"52,620",0.000109,510
646,0.000109,"Aug 31, 2016",0.000138,0.000092,"44,468",0.000092,986
647,0.000092,"Aug 30, 2016",0.000116,0.000092,"46,969",0.000098,"1,663"
648,0.000098,"Aug 29, 2016",0.000110,0.000092,"44,307",0.000092,832
649,0.000092,"Aug 28, 2016",0.000109,0.000092,"52,161",0.000108,381
650,0.000103,"Aug 27, 2016",0.000128,0.000092,"61,366",0.000128,"1,957"
651,0.000128,"Aug 26, 2016",0.000139,0.000093,"55,606",0.000116,"2,163"
652,0.000116,"Aug 25, 2016",0.000139,0.000115,"67,004",0.000139,898
653,0.000139,"Aug 24, 2016",0.000163,0.000116,"75,761",0.000157,"2,255"
654,0.000157,"Aug 23, 2016",0.000276,0.000094,"127,049",0.000264,"19,268"
655,0.000264,"Aug 22, 2016",0.000282,0.000250,"120,269",0.000250,58
656,0.000250,"Aug 21, 2016",0.000280,0.000250,"128,568",0.000267,595
657,0.000267,"Aug 20, 2016",0.000288,0.000267,"138,486",0.000288,158
658,0.000288,"Aug 19, 2016",0.000288,0.000248,"127,116",0.000264,870
659,0.000264,"Aug 18, 2016",0.000283,0.000241,"115,840",0.000241,625
660,0.000241,"Aug 17, 2016",0.000272,0.000236,"130,583",0.000271,315
661,0.000271,"Aug 16, 2016",0.000273,0.000255,"131,004",0.000272,139
662,0.000272,"Aug 15, 2016",0.000276,0.000253,"132,089",0.000275,233
663,0.000274,"Aug 14, 2016",0.000274,0.000241,"118,334",0.000246,574
664,0.000246,"Aug 13, 2016",0.000259,0.000241,"115,900",0.000241,239
665,0.000241,"Aug 12, 2016",0.000254,0.000234,"119,038",0.000247,531
666,0.000248,"Aug 11, 2016",0.000255,0.000237,"116,789",0.000243,317
667,0.000243,"Aug 10, 2016",0.000264,0.000235,"113,111",0.000235,463
668,0.000235,"Aug 09, 2016",0.000277,0.000235,"130,792",0.000272,"1,208"
669,0.000272,"Aug 08, 2016",0.000313,0.000242,"134,008",0.000279,"2,522"
670,0.000279,"Aug 07, 2016",0.000403,0.000237,"124,412",0.000259,"9,180"
671,0.000259,"Aug 06, 2016",0.000282,0.000251,"127,245",0.000265,324
672,0.000265,"Aug 05, 2016",0.000277,0.000236,"127,991",0.000266,547
673,0.000266,"Aug 04, 2016",0.000280,0.000235,"133,491",0.000278,"1,330"
674,0.000283,"Aug 03, 2016",0.000300,0.000211,"107,969",0.000224,"3,851"
675,0.000223,"Aug 02, 2016",0.000279,0.000218,"119,526",0.000248,315
676,0.000248,"Aug 01, 2016",0.000283,0.000242,"132,250",0.000275,413
677,0.000275,"Jul 31, 2016",0.000279,0.000247,"132,331",0.000275,938
678,0.000275,"Jul 30, 2016",0.000302,0.000249,"138,934",0.000289,"1,122"
679,0.000289,"Jul 29, 2016",0.000303,0.000255,"126,015",0.000262,698
680,0.000262,"Jul 28, 2016",0.000262,0.000242,"119,641",0.000249,63
681,0.000249,"Jul 27, 2016",0.000288,0.000235,"134,905",0.000280,"1,025"
682,0.000281,"Jul 26, 2016",0.000289,0.000242,"125,837",0.000262,393
683,0.000275,"Jul 25, 2016",0.000297,0.000262,"136,760",0.000284,201
684,0.000284,"Jul 24, 2016",0.000302,0.000268,"141,879",0.000295,"1,341"
685,0.000295,"Jul 23, 2016",0.000308,0.000292,"140,807",0.000293,171
686,0.000293,"Jul 22, 2016",0.000319,0.000291,"147,119",0.000306,129
687,0.000306,"Jul 21, 2016",0.000319,0.000304,"150,457",0.000313,"1,025"
688,0.000313,"Jul 20, 2016",0.000363,0.000306,"165,016",0.000343,"1,322"
689,0.000343,"Jul 19, 2016",0.000370,0.000309,"171,549",0.000357,"1,128"
690,0.000357,"Jul 18, 2016",0.000395,0.000311,"173,166",0.000360,"2,735"
691,0.000360,"Jul 17, 2016",0.000375,0.000326,"168,400",0.000350,329
692,0.000364,"Jul 16, 2016",0.000413,0.000324,"165,847",0.000345,"2,352"
693,0.000345,"Jul 15, 2016",0.000345,0.000283,"136,070",0.000283,"2,109"
694,0.000283,"Jul 14, 2016",0.000321,0.000271,"135,320",0.000281,"1,182"
695,0.000282,"Jul 13, 2016",0.000341,0.000282,"150,188",0.000312,"1,666"
696,0.000319,"Jul 12, 2016",0.000487,0.000259,"127,681",0.000266,"24,141"
697,0.000266,"Jul 11, 2016",0.000266,0.000214,"103,037",0.000214,"1,509"
698,0.000214,"Jul 10, 2016",0.000299,0.000213,"112,680",0.000234,"3,162"
699,0.000234,"Jul 09, 2016",0.000260,0.000209,"124,956",0.000260,"1,243"
700,0.000260,"Jul 08, 2016",0.000261,0.000210,"109,815",0.000228,"1,014"
701,0.000228,"Jul 07, 2016",0.000264,0.000204,"120,493",0.000251,"1,269"
702,0.000251,"Jul 06, 2016",0.000306,0.000237,"132,197",0.000275,"1,282"
703,0.000275,"Jul 05, 2016",0.000338,0.000244,"154,445",0.000321,"5,192"
704,0.000321,"Jul 04, 2016",0.000356,0.000289,"148,557",0.000309,"2,372"
705,0.000309,"Jul 03, 2016",0.000355,0.000237,"155,386",0.000324,"2,220"
706,0.000323,"Jul 02, 2016",0.000454,0.000322,"201,316",0.000419,"4,935"
707,0.000426,"Jul 01, 2016",0.000792,0.000293,"242,222",0.000505,"143,353"
708,0.000518,"Jun 30, 2016",0.000518,0.000146,"70,651",0.000147,"22,700"
709,0.000147,"Jun 29, 2016",0.000147,0.000126,"62,107",0.000129,326
710,0.000129,"Jun 28, 2016",0.000145,0.000121,"69,322",0.000144,111
711,0.000143,"Jun 27, 2016",0.000143,0.000118,"57,392",0.000120,22
712,0.000120,"Jun 26, 2016",0.000147,0.000118,"67,035",0.000140,273
713,0.000140,"Jun 25, 2016",0.000141,0.000123,"63,855",0.000133,32
714,0.000133,"Jun 24, 2016",0.000140,0.000100,"47,910",0.000100,55
715,0.000100,"Jun 23, 2016",0.000144,0.000100,"65,784",0.000137,556
716,0.000135,"Jun 22, 2016",0.000214,0.000129,"100,911",0.000210,22
717,0.000210,"Jun 21, 2016",0.000212,0.000152,"91,681",0.000191,3
718,0.000191,"Jun 20, 2016",0.000191,0.000160,"84,297",0.000176,188
719,0.000176,"Jun 19, 2016",0.000176,0.000157,"76,205",0.000159,33
720,0.000159,"Jun 18, 2016",0.000181,0.000155,"82,651",0.000172,338
721,0.000172,"Jun 17, 2016",0.000193,0.000146,"77,213",0.000161,752
722,0.000161,"Jun 16, 2016",0.000161,0.000130,"69,974",0.000146,181
723,0.000146,"Jun 15, 2016",0.000151,0.000135,"65,788",0.000137,66
724,0.000137,"Jun 14, 2016",0.000146,0.000136,"67,292",0.000140,83
725,0.000140,"Jun 13, 2016",0.000140,0.000117,"61,308",0.000128,327
726,0.000128,"Jun 12, 2016",0.000150,0.000122,"66,926",0.000140,238
727,0.000140,"Jun 11, 2016",0.000140,0.000133,"66,478",0.000139,27
728,0.000139,"Jun 10, 2016",0.000139,0.000127,"63,384",0.000132,155
729,0.000132,"Jun 09, 2016",0.000140,0.000109,"66,947",0.000140,253
730,0.000140,"Jun 08, 2016",0.000140,0.000127,"63,599",0.000133,120
731,0.000133,"Jun 07, 2016",0.000136,0.000126,"64,584",0.000135,61
732,0.000135,"Jun 06, 2016",0.000146,0.000126,"60,662",0.000126,73
733,0.000127,"Jun 05, 2016",0.000150,0.000125,"60,846",0.000127,322
734,0.000127,"Jun 04, 2016",0.000139,0.000125,"65,509",0.000137,40
735,0.000125,"Jun 03, 2016",0.000142,0.000113,"54,176",0.000113,228
736,0.000113,"Jun 02, 2016",0.000129,0.000112,"61,792",0.000129,207
737,0.000129,"Jun 01, 2016",0.000130,0.000112,"57,453",0.000120,92
738,0.000120,"May 31, 2016",0.000125,0.000117,"58,879",0.000123,27
739,0.000123,"May 30, 2016",0.000141,0.000118,"58,036",0.000121,86
740,0.000121,"May 29, 2016",0.000132,0.000118,"58,457",0.000122,27
741,0.000122,"May 28, 2016",0.000129,0.000114,"59,026",0.000123,75
742,0.000123,"May 27, 2016",0.000133,0.000099,"50,001",0.000104,723
743,0.000104,"May 26, 2016",0.000108,0.000091,"47,428",0.000099,100
744,0.000099,"May 25, 2016",0.000108,0.000094,"49,184",0.000103,382
745,0.000103,"May 24, 2016",0.000107,0.000093,"44,723",0.000093,467
746,0.000093,"May 23, 2016",0.000124,0.000093,"56,874",0.000119,"1,078"
747,0.000119,"May 22, 2016",0.000124,0.000114,"59,497",0.000124,50
748,0.000124,"May 21, 2016",0.000129,0.000106,"53,060",0.000111,689
749,0.000111,"May 20, 2016",0.000128,0.000088,"56,794",0.000118,615
750,0.000119,"May 19, 2016",0.000134,0.000119,"58,849",0.000123,193
751,0.000123,"May 18, 2016",0.000136,0.000118,"63,010",0.000131,178
752,0.000131,"May 17, 2016",0.000154,0.000118,"58,789",0.000123,162
753,0.000123,"May 16, 2016",0.000133,0.000110,"63,616",0.000133,336
754,0.000133,"May 15, 2016",0.000151,0.000123,"63,349",0.000132,140
755,0.000132,"May 14, 2016",0.000205,0.000105,"58,995",0.000123,958
756,0.000123,"May 13, 2016",0.000123,0.000113,"58,862",0.000123,205
757,0.000123,"May 12, 2016",0.000131,0.000112,"62,938",0.000131,443
758,0.000131,"May 11, 2016",0.000132,0.000113,"62,676",0.000131,359
759,0.000131,"May 10, 2016",0.000143,0.000124,"64,007",0.000134,323
760,0.000134,"May 09, 2016",0.000171,0.000128,"61,540",0.000128,725
761,0.000128,"May 08, 2016",0.000164,0.000119,"70,329",0.000147,429
762,0.000142,"May 07, 2016",0.000289,0.000133,"90,310",0.000188,"6,020"
763,0.000207,"May 06, 2016",0.000207,0.000095,"53,670",0.000112,"2,273"
764,0.000112,"May 05, 2016",0.000121,0.000112,"53,518",0.000112,183
765,0.000112,"May 04, 2016",0.000113,0.000103,"53,948",0.000113,51
766,0.000113,"May 03, 2016",0.000116,0.000111,"55,403",0.000116,42
767,0.000116,"May 02, 2016",0.000116,0.000099,"47,639",0.000099,45
768,0.000099,"May 01, 2016",0.000113,0.000099,"51,558",0.000108,2
769,0.000108,"Apr 30, 2016",0.000113,0.000095,"45,796",0.000096,30
770,0.000096,"Apr 29, 2016",0.000121,0.000085,"51,626",0.000108,61
771,0.000108,"Apr 28, 2016",0.000112,0.000076,"53,268",0.000111,264
772,0.000111,"Apr 27, 2016",0.000118,0.000093,"51,367",0.000107,423
773,0.000107,"Apr 26, 2016",0.000121,0.000097,"50,882",0.000106,239
774,0.000106,"Apr 25, 2016",0.000115,0.000098,"48,907",0.000102,116
775,0.000102,"Apr 24, 2016",0.000109,0.000099,"51,791",0.000108,63
776,0.000108,"Apr 23, 2016",0.000112,0.000102,"53,389",0.000111,187
777,0.000111,"Apr 22, 2016",0.000117,0.000102,"55,982",0.000117,344
778,0.000117,"Apr 21, 2016",0.000121,0.000106,"57,067",0.000119,99
779,0.000119,"Apr 20, 2016",0.000119,0.000113,"54,278",0.000113,3
780,0.000113,"Apr 19, 2016",0.000116,0.000107,"55,467",0.000116,64
781,0.000116,"Apr 18, 2016",0.000124,0.000107,"57,330",0.000120,75
782,0.000120,"Apr 17, 2016",0.000129,0.000103,"53,635",0.000112,315
783,0.000112,"Apr 16, 2016",0.000121,0.000103,"57,640",0.000120,108
784,0.000120,"Apr 15, 2016",0.000134,0.000116,"64,056",0.000134,148
785,0.000134,"Apr 14, 2016",0.000134,0.000121,"58,867",0.000123,82
786,0.000123,"Apr 13, 2016",0.000132,0.000102,"61,104",0.000128,304
787,0.000128,"Apr 12, 2016",0.000161,0.000111,"76,905",0.000161,773
788,0.000156,"Apr 11, 2016",0.000211,0.000127,"62,609",0.000131,"1,865"
789,0.000131,"Apr 10, 2016",0.000147,0.000118,"68,308",0.000143,405
790,0.000143,"Apr 09, 2016",0.000147,0.000138,"68,436",0.000143,118
791,0.000143,"Apr 08, 2016",0.000149,0.000139,"68,849",0.000144,206
792,0.000144,"Apr 07, 2016",0.000161,0.000139,"68,957",0.000144,336
793,0.000144,"Apr 06, 2016",0.000161,0.000140,"77,182",0.000161,"1,238"
794,0.000161,"Apr 05, 2016",0.000174,0.000148,"80,747",0.000169,534
795,0.000169,"Apr 04, 2016",0.000198,0.000135,"76,631",0.000160,"4,176"
796,0.000160,"Apr 03, 2016",0.000316,0.000152,"137,003",0.000286,"7,193"
797,0.000286,"Apr 02, 2016",0.001024,0.000138,"65,899",0.000138,"112,219"
798,0.000137,"Apr 01, 2016",0.000141,0.000075,"38,202",0.000080,"1,287"
799,0.000080,"Mar 31, 2016",0.000084,0.000076,"36,268",0.000076,55
800,0.000076,"Mar 30, 2016",0.000097,0.000063,"46,013",0.000096,132
801,0.000096,"Mar 29, 2016",0.000106,0.000081,"38,620",0.000081,30
802,0.000081,"Mar 28, 2016",0.000114,0.000081,"49,127",0.000103,367
803,0.000103,"Mar 27, 2016",0.000103,0.000084,"40,032",0.000084,107
804,0.000084,"Mar 26, 2016",0.000101,0.000079,"43,949",0.000092,340
805,0.000092,"Mar 25, 2016",0.000100,0.000088,"45,859",0.000096,53
806,0.000096,"Mar 24, 2016",0.000100,0.000079,"44,037",0.000092,455
807,0.000092,"Mar 23, 2016",0.000096,0.000088,"42,045",0.000088,356
808,0.000088,"Mar 22, 2016",0.000100,0.000087,"41,554",0.000087,348
809,0.000087,"Mar 21, 2016",0.000099,0.000078,"47,511",0.000099,194
810,0.000099,"Mar 20, 2016",0.000115,0.000074,"39,302",0.000082,597
811,0.000082,"Mar 19, 2016",0.000082,0.000065,"39,216",0.000082,153
812,0.000082,"Mar 18, 2016",0.000090,0.000065,"36,248",0.000076,621
813,0.000076,"Mar 17, 2016",0.000076,0.000066,"33,791",0.000071,22
814,0.000071,"Mar 16, 2016",0.000075,0.000062,"33,908",0.000071,1
815,0.000071,"Mar 15, 2016",0.000071,0.000064,"31,899",0.000067,39
816,0.000067,"Mar 14, 2016",0.000074,0.000065,"35,153",0.000073,1
817,0.000075,"Mar 13, 2016",0.000076,0.000053,"33,100",0.000069,45
818,0.000068,"Mar 12, 2016",0.000073,0.000064,"31,129",0.000065,15
819,0.000065,"Mar 11, 2016",0.000072,0.000063,"33,615",0.000070,7
820,0.000070,"Mar 10, 2016",0.000071,0.000061,"29,198",0.000061,164
821,0.000061,"Mar 09, 2016",0.000062,0.000054,"25,766",0.000054,4
822,0.000054,"Mar 08, 2016",0.000066,0.000054,"27,752",0.000058,83
823,0.000058,"Mar 07, 2016",0.000058,0.000054,"27,004",0.000056,21
824,0.000056,"Mar 06, 2016",0.000066,0.000052,"25,079",0.000052,3
825,0.000052,"Mar 05, 2016",0.000061,0.000052,"27,527",0.000058,2
826,0.000058,"Mar 04, 2016",0.000063,0.000055,"29,914",0.000062,6
827,0.000062,"Mar 03, 2016",0.000071,0.000058,"28,800",0.000060,2
828,0.000060,"Mar 02, 2016",0.000061,0.000056,"27,073",0.000057,0
829,0.000057,"Mar 01, 2016",0.000066,0.000052,"29,326",0.000061,148
830,0.000061,"Feb 29, 2016",0.000062,0.000052,"29,028",0.000061,178
831,0.000061,"Feb 28, 2016",0.000077,0.000060,"33,075",0.000069,29
832,0.000069,"Feb 27, 2016",0.000077,0.000056,"31,013",0.000065,98
833,0.000065,"Feb 26, 2016",0.000065,0.000051,"25,018",0.000052,59
834,0.000052,"Feb 25, 2016",0.000060,0.000051,"28,482",0.000060,1
835,0.000060,"Feb 24, 2016",0.000060,0.000055,"26,158",0.000055,20
836,0.000055,"Feb 23, 2016",0.000067,0.000050,"31,814",0.000066,3
837,0.000066,"Feb 22, 2016",0.000066,0.000053,"31,490",0.000066,15
838,0.000066,"Feb 21, 2016",0.000066,0.000055,"30,850",0.000064,4
839,0.000065,"Feb 20, 2016",0.000065,0.000050,"24,162",0.000050,24
840,0.000050,"Feb 19, 2016",0.000059,0.000047,"22,363",0.000047,10
841,0.000047,"Feb 18, 2016",0.000067,0.000046,"31,820",0.000067,25
842,0.000067,"Feb 17, 2016",0.000067,0.000049,"27,289",0.000057,22
843,0.000057,"Feb 16, 2016",0.000069,0.000049,"26,808",0.000056,69
844,0.000056,"Feb 15, 2016",0.000076,0.000049,"23,380",0.000049,794
845,0.000049,"Feb 14, 2016",0.000052,0.000040,"22,497",0.000047,43
846,0.000047,"Feb 13, 2016",0.000051,0.000039,"20,264",0.000042,157
847,0.000042,"Feb 12, 2016",0.000043,0.000035,"18,496",0.000039,27
848,0.000039,"Feb 11, 2016",0.000041,0.000031,"17,186",0.000036,25
849,0.000036,"Feb 10, 2016",0.000038,0.000036,"17,999",0.000038,2
850,0.000038,"Feb 09, 2016",0.000038,0.000034,"17,862",0.000037,20
851,0.000037,"Feb 08, 2016",0.000038,0.000033,"16,170",0.000034,1
852,0.000034,"Feb 07, 2016",0.000034,0.000034,"16,208",0.000034,7
853,0.000034,"Feb 06, 2016",0.000035,0.000033,"16,630",0.000035,1
854,0.000035,"Feb 05, 2016",0.000035,0.000031,"16,700",0.000035,24
855,0.000030,"Feb 04, 2016",0.000030,0.000030,"14,155",0.000030,0
856,0.000030,"Feb 03, 2016",0.000030,0.000029,"14,362",0.000030,0
857,0.000030,"Feb 02, 2016",0.000037,0.000030,"14,274",0.000030,1
858,0.000030,"Feb 01, 2016",0.000030,0.000026,"12,416",0.000026,15
859,0.000026,"Jan 31, 2016",0.000034,0.000026,"16,281",0.000034,4
860,0.000034,"Jan 30, 2016",0.000034,0.000034,"16,327",0.000034,1
861,0.000034,"Jan 29, 2016",0.000034,0.000030,"16,368",0.000034,1
862,0.000034,"Jan 28, 2016",0.000036,0.000034,"17,005",0.000036,0
863,0.000036,"Jan 27, 2016",0.000040,0.000028,"18,752",0.000039,17
864,0.000039,"Jan 26, 2016",0.000039,0.000028,"15,194",0.000032,30
865,0.000032,"Jan 25, 2016",0.000040,0.000032,"19,267",0.000040,37
866,0.000040,"Jan 24, 2016",0.000041,0.000031,"16,676",0.000035,20
867,0.000035,"Jan 23, 2016",0.000039,0.000034,"16,438",0.000034,10
868,0.000034,"Jan 22, 2016",0.000037,0.000028,"17,639",0.000037,17
869,0.000037,"Jan 21, 2016",0.000038,0.000033,"16,075",0.000034,8
870,0.000034,"Jan 20, 2016",0.000034,0.000030,"16,345",0.000034,9
871,0.000034,"Jan 19, 2016",0.000035,0.000031,"14,809",0.000031,4
872,0.000031,"Jan 18, 2016",0.000039,0.000030,"14,606",0.000031,89
873,0.000031,"Jan 17, 2016",0.000039,0.000030,"18,529",0.000039,39
874,0.000039,"Jan 16, 2016",0.000039,0.000029,"13,936",0.000029,7
875,0.000029,"Jan 15, 2016",0.000039,0.000029,"18,440",0.000039,0
876,0.000039,"Jan 14, 2016",0.000039,0.000030,"14,470",0.000030,14
877,0.000030,"Jan 13, 2016",0.000030,0.000030,"14,549",0.000030,1
878,0.000031,"Jan 12, 2016",0.000045,0.000026,"12,863",0.000027,42
879,0.000027,"Jan 11, 2016",0.000028,0.000026,"12,598",0.000026,0
880,0.000026,"Jan 10, 2016",0.000027,0.000023,"12,838",0.000027,0
881,0.000027,"Jan 09, 2016",0.000036,0.000027,"12,989",0.000027,33
882,0.000027,"Jan 08, 2016",0.000039,0.000027,"17,451",0.000037,30
883,0.000037,"Jan 07, 2016",0.000037,0.000027,"12,804",0.000027,0
884,0.000027,"Jan 06, 2016",0.000034,0.000027,"15,838",0.000033,0
885,0.000033,"Jan 05, 2016",0.000036,0.000030,"15,515",0.000032,3
886,0.000032,"Jan 04, 2016",0.000035,0.000030,"14,388",0.000030,0
887,0.000030,"Jan 03, 2016",0.000039,0.000030,"18,644",0.000039,0
888,0.000039,"Jan 02, 2016",0.000039,0.000027,"12,802",0.000027,1
889,0.000027,"Jan 01, 2016",0.000039,0.000026,"18,363",0.000038,5
890,0.000038,"Dec 31, 2015",0.000039,0.000031,"16,311",0.000034,0
891,0.000034,"Dec 30, 2015",0.000035,0.000034,"16,901",0.000035,7
892,0.000035,"Dec 29, 2015",0.000035,0.000029,"14,126",0.000030,0
893,0.000030,"Dec 28, 2015",0.000034,0.000029,"16,165",0.000034,1
894,0.000034,"Dec 27, 2015",0.000038,0.000033,"17,947",0.000038,0
895,0.000038,"Dec 26, 2015",0.000038,0.000033,"17,419",0.000036,2
896,0.000036,"Dec 25, 2015",0.000046,0.000032,"21,741",0.000045,3
897,0.000046,"Dec 24, 2015",0.000046,0.000023,"19,026",0.000040,20
898,0.000040,"Dec 23, 2015",0.000040,0.000027,"14,605",0.000031,53
899,0.000031,"Dec 22, 2015",0.000035,0.000018,"16,611",0.000035,114
900,0.000035,"Dec 21, 2015",0.000036,0.000035,"17,064",0.000036,0
901,0.000036,"Dec 20, 2015",0.000041,0.000035,"17,725",0.000037,0
902,0.000037,"Dec 19, 2015",0.000037,0.000037,"17,725",0.000037,1
903,0.000037,"Dec 18, 2015",0.000037,0.000032,"17,399",0.000036,3
904,0.000036,"Dec 17, 2015",0.000037,0.000036,"17,390",0.000036,1
905,0.000036,"Dec 16, 2015",0.000051,0.000027,"19,389",0.000041,66
906,0.000038,"Dec 15, 2015",0.000041,0.000038,"18,867",0.000039,0
907,0.000040,"Dec 14, 2015",0.000042,0.000039,"19,383",0.000041,0
908,0.000041,"Dec 13, 2015",0.000046,0.000041,"20,769",0.000043,0
909,0.000044,"Dec 12, 2015",0.000047,0.000041,"21,585",0.000045,0
910,0.000045,"Dec 11, 2015",0.000045,0.000034,"19,801",0.000041,5
911,0.000041,"Dec 10, 2015",0.000050,0.000041,"23,932",0.000050,15
912,0.000050,"Dec 09, 2015",0.000051,0.000041,"23,817",0.000050,5
913,0.000050,"Dec 08, 2015",0.000050,0.000038,"18,597",0.000039,18
914,0.000039,"Dec 07, 2015",0.000047,0.000039,"19,740",0.000041,0
915,0.000042,"Dec 06, 2015",0.000042,0.000039,"18,696",0.000039,1
916,0.000039,"Dec 05, 2015",0.000039,0.000036,"17,661",0.000037,1
917,0.000037,"Dec 04, 2015",0.000042,0.000035,"16,491",0.000035,0
918,0.000035,"Dec 03, 2015",0.000035,0.000029,"16,684",0.000035,1
919,0.000035,"Dec 02, 2015",0.000040,0.000035,"18,967",0.000040,0
920,0.000040,"Dec 01, 2015",0.000043,0.000038,"18,464",0.000039,0
921,0.000039,"Nov 30, 2015",0.000040,0.000037,"17,730",0.000037,0
922,0.000037,"Nov 29, 2015",0.000037,0.000026,"17,066",0.000036,8
923,0.000036,"Nov 28, 2015",0.000036,0.000025,"11,971",0.000025,0
924,0.000025,"Nov 27, 2015",0.000040,0.000025,"18,519",0.000039,36
925,0.000039,"Nov 26, 2015",0.000040,0.000036,"17,098",0.000036,1
926,0.000036,"Nov 25, 2015",0.000036,0.000032,"15,250",0.000032,0
927,0.000032,"Nov 24, 2015",0.000032,0.000032,"15,417",0.000032,0
928,0.000032,"Nov 23, 2015",0.000036,0.000032,"17,042",0.000036,0
929,0.000036,"Nov 22, 2015",0.000036,0.000033,"17,170",0.000036,1
930,0.000036,"Nov 21, 2015",0.000049,0.000033,"23,457",0.000049,1
931,0.000049,"Nov 20, 2015",0.000110,0.000033,"16,018",0.000034,0
932,0.000034,"Nov 19, 2015",0.000037,0.000033,"17,568",0.000037,0
933,0.000037,"Nov 18, 2015",0.000037,0.000033,"15,997",0.000034,0
934,0.000033,"Nov 17, 2015",0.000039,0.000033,"18,029",0.000038,0
935,0.000038,"Nov 16, 2015",0.000043,0.000038,"18,305",0.000038,0
936,0.000038,"Nov 15, 2015",0.000039,0.000032,"15,894",0.000033,1
937,0.000033,"Nov 14, 2015",0.000039,0.000033,"18,730",0.000039,0
938,0.000039,"Nov 13, 2015",0.000041,0.000037,"19,306",0.000040,0
939,0.000041,"Nov 12, 2015",0.000041,0.000037,"17,811",0.000037,0
940,0.000037,"Nov 11, 2015",0.000038,0.000030,"15,992",0.000034,51
941,0.000034,"Nov 10, 2015",0.000047,0.000030,"22,077",0.000046,0
942,0.000046,"Nov 09, 2015",0.000046,0.000034,"16,649",0.000035,4
943,0.000035,"Nov 08, 2015",0.000037,0.000034,"17,355",0.000036,24
944,0.000036,"Nov 07, 2015",0.000036,0.000034,"16,358",0.000034,0
945,0.000034,"Nov 06, 2015",0.000040,0.000034,"19,175",0.000040,0
946,0.000040,"Nov 05, 2015",0.000054,0.000040,"23,552",0.000049,8
947,0.000049,"Nov 04, 2015",0.000069,0.000046,"26,937",0.000056,5
948,0.000056,"Nov 03, 2015",0.000056,0.000046,"26,820",0.000056,0
949,0.000056,"Nov 02, 2015",0.000057,0.000039,"18,805",0.000039,1
950,0.000039,"Nov 01, 2015",0.000040,0.000028,"13,568",0.000028,0
951,0.000028,"Oct 31, 2015",0.000054,0.000028,"21,908",0.000046,19
952,0.000046,"Oct 30, 2015",0.000049,0.000032,"17,803",0.000037,100
953,0.000037,"Oct 29, 2015",0.000044,0.000034,"18,880",0.000040,7
954,0.000040,"Oct 28, 2015",0.000040,0.000027,"18,209",0.000038,19
955,0.000038,"Oct 27, 2015",0.000040,0.000029,"18,707",0.000039,16
956,0.000039,"Oct 26, 2015",0.000043,0.000025,"20,292",0.000043,66
957,0.000042,"Oct 25, 2015",0.000044,0.000026,"17,831",0.000037,32
958,0.000037,"Oct 24, 2015",0.000050,0.000037,"17,464",0.000037,48
959,0.000037,"Oct 23, 2015",0.000057,0.000026,"24,427",0.000051,151
960,0.000051,"Oct 22, 2015",0.000053,0.000043,"20,653",0.000043,2
961,0.000043,"Oct 21, 2015",0.000059,0.000043,"21,360",0.000045,10
962,0.000045,"Oct 20, 2015",0.000053,0.000040,"20,149",0.000042,4
963,0.000042,"Oct 19, 2015",0.000042,0.000039,"18,719",0.000039,59
964,0.000039,"Oct 18, 2015",0.000050,0.000039,"20,647",0.000043,192
965,0.000043,"Oct 17, 2015",0.000051,0.000037,"20,027",0.000042,25
966,0.000042,"Oct 16, 2015",0.000046,0.000038,"19,396",0.000041,18
967,0.000041,"Oct 15, 2015",0.000041,0.000029,"17,974",0.000038,27
968,0.000038,"Oct 14, 2015",0.000040,0.000037,"19,018",0.000040,1
969,0.000040,"Oct 13, 2015",0.000047,0.000037,"18,702",0.000039,29
970,0.000044,"Oct 12, 2015",0.000044,0.000032,"16,489",0.000035,159
971,0.000035,"Oct 11, 2015",0.000037,0.000029,"14,013",0.000029,4
972,0.000029,"Oct 10, 2015",0.000037,0.000029,"17,427",0.000037,209
973,0.000027,"Oct 09, 2015",0.000027,0.000027,"12,706",0.000027,2
974,0.000027,"Oct 08, 2015",0.000032,0.000027,"13,899",0.000029,2
975,0.000029,"Oct 07, 2015",0.000029,0.000029,"14,012",0.000029,0
976,0.000035,"Oct 06, 2015",0.000035,0.000034,"16,043",0.000034,0
977,0.000034,"Oct 05, 2015",0.000034,0.000033,"15,901",0.000033,0
978,0.000033,"Oct 04, 2015",0.000033,0.000026,"12,518",0.000026,6
979,0.000026,"Oct 03, 2015",0.000033,0.000026,"14,705",0.000031,7
980,0.000031,"Oct 02, 2015",0.000033,0.000028,"15,853",0.000033,8
981,0.000033,"Oct 01, 2015",0.000033,0.000033,"15,753",0.000033,0
982,0.000033,"Sep 30, 2015",0.000033,0.000028,"13,538",0.000028,31
983,0.000028,"Sep 29, 2015",0.000029,0.000028,"13,589",0.000029,1
984,0.000023,"Sep 27, 2015",0.000023,0.000023,"11,169",0.000023,2
985,0.000023,"Sep 26, 2015",0.000023,0.000023,"11,127",0.000023,2
986,0.000026,"Sep 25, 2015",0.000026,0.000026,"12,296",0.000026,1
987,0.000026,"Sep 24, 2015",0.000026,0.000023,"10,975",0.000023,1
988,0.000023,"Sep 23, 2015",0.000032,0.000023,"15,388",0.000032,27
989,0.000032,"Sep 22, 2015",0.000034,0.000023,"16,234",0.000034,79
990,0.000034,"Sep 21, 2015",0.000035,0.000034,"16,529",0.000035,1
991,0.000035,"Sep 20, 2015",0.000035,0.000035,"16,594",0.000035,2
992,0.000028,"Sep 18, 2015",0.000028,0.000028,"13,143",0.000028,6
993,0.000028,"Sep 17, 2015",0.000032,0.000021,"15,285",0.000032,70
994,0.000032,"Sep 16, 2015",0.000039,0.000032,"18,658",0.000039,16
995,0.000039,"Sep 15, 2015",0.000044,0.000035,"16,487",0.000035,0
996,0.000035,"Sep 14, 2015",0.000035,0.000034,"16,478",0.000035,0
997,0.000035,"Sep 13, 2015",0.000035,0.000034,"16,814",0.000035,0
998,0.000035,"Sep 12, 2015",0.000041,0.000035,"18,307",0.000038,15
999,0.000038,"Sep 11, 2015",0.000039,0.000038,"18,183",0.000038,0
1000,0.000038,"Sep 10, 2015",0.000038,0.000038,"18,249",0.000038,0
1001,0.000039,"Sep 09, 2015",0.000039,0.000039,"18,573",0.000039,1
1002,0.000039,"Sep 08, 2015",0.000039,0.000038,"18,261",0.000038,1
1003,0.000038,"Sep 07, 2015",0.000041,0.000034,"19,401",0.000041,1
1004,0.000041,"Sep 06, 2015",0.000041,0.000033,"15,656",0.000033,1
1005,0.000033,"Sep 05, 2015",0.000039,0.000032,"18,629",0.000039,1
1006,0.000039,"Sep 04, 2015",0.000039,0.000034,"16,272",0.000034,126
1007,0.000034,"Sep 03, 2015",0.000034,0.000030,"14,183",0.000030,14
1008,0.000030,"Sep 02, 2015",0.000032,0.000029,"14,109",0.000030,0
1009,0.000030,"Sep 01, 2015",0.000035,0.000030,"16,418",0.000035,0
1010,0.000035,"Aug 31, 2015",0.000035,0.000032,"15,237",0.000032,1
1011,0.000032,"Aug 30, 2015",0.000035,0.000032,"16,398",0.000034,0
1012,0.000034,"Aug 29, 2015",0.000035,0.000032,"15,406",0.000032,0
1013,0.000033,"Aug 28, 2015",0.000033,0.000031,"14,970",0.000031,0
1014,0.000031,"Aug 27, 2015",0.000032,0.000031,"15,041",0.000032,6
1015,0.000032,"Aug 26, 2015",0.000035,0.000031,"15,814",0.000033,2
1016,0.000033,"Aug 25, 2015",0.000034,0.000025,"14,019",0.000029,27
1017,0.000030,"Aug 24, 2015",0.000032,0.000029,"15,196",0.000032,3
1018,0.000032,"Aug 23, 2015",0.000032,0.000025,"13,249",0.000028,6
1019,0.000027,"Aug 22, 2015",0.000028,0.000027,"13,276",0.000028,0
1020,0.000028,"Aug 21, 2015",0.000028,0.000028,"13,323",0.000028,0
1021,0.000025,"Aug 19, 2015",0.000026,0.000023,"11,045",0.000023,0
1022,0.000023,"Aug 18, 2015",0.000028,0.000023,"13,242",0.000028,0
1023,0.000028,"Aug 17, 2015",0.000029,0.000028,"13,526",0.000028,0
1024,0.000028,"Aug 16, 2015",0.000029,0.000028,"13,449",0.000028,1
1025,0.000032,"Aug 14, 2015",0.000032,0.000031,"15,073",0.000032,0
1026,0.000032,"Aug 13, 2015",0.000032,0.000026,"12,670",0.000027,0
1027,0.000027,"Aug 12, 2015",0.000035,0.000027,"16,715",0.000035,3
1028,0.000035,"Aug 11, 2015",0.000035,0.000032,"15,092",0.000032,0
1029,0.000032,"Aug 10, 2015",0.000035,0.000032,"16,387",0.000034,3
1030,0.000034,"Aug 09, 2015",0.000037,0.000026,"12,411",0.000026,7
1031,0.000026,"Aug 08, 2015",0.000028,0.000026,"13,223",0.000028,5
1032,0.000025,"Aug 07, 2015",0.000025,0.000025,"11,922",0.000025,11
1033,0.000025,"Aug 06, 2015",0.000034,0.000025,"16,084",0.000034,11
1034,0.000034,"Aug 05, 2015",0.000040,0.000034,"18,987",0.000040,1
1035,0.000040,"Aug 04, 2015",0.000040,0.000031,"14,710",0.000031,6
1036,0.000031,"Aug 03, 2015",0.000037,0.000031,"17,470",0.000037,1
1037,0.000037,"Aug 02, 2015",0.000039,0.000037,"18,746",0.000039,0
1038,0.000039,"Aug 01, 2015",0.000048,0.000031,"21,655",0.000046,51
1039,0.000046,"Jul 31, 2015",0.000046,0.000031,"17,785",0.000037,62
1040,0.000037,"Jul 30, 2015",0.000037,0.000035,"16,523",0.000035,0
1041,0.000035,"Jul 29, 2015",0.000035,0.000035,"16,777",0.000035,0
1042,0.000027,"Jul 28, 2015",0.000027,0.000026,"12,565",0.000026,23
1043,0.000026,"Jul 27, 2015",0.000044,0.000026,"18,091",0.000038,28
1044,0.000038,"Jul 26, 2015",0.000038,0.000038,"18,040",0.000038,9
1045,0.000034,"Jul 25, 2015",0.000035,0.000034,"16,447",0.000035,3
1046,0.000035,"Jul 24, 2015",0.000035,0.000033,"15,749",0.000033,4
1047,0.000033,"Jul 23, 2015",0.000036,0.000033,"17,134",0.000036,1
1048,0.000036,"Jul 22, 2015",0.000041,0.000036,"19,566",0.000041,154
1049,0.000039,"Jul 21, 2015",0.000039,0.000039,"18,568",0.000039,0
1050,0.000039,"Jul 20, 2015",0.000042,0.000038,"18,211",0.000038,1
1051,0.000038,"Jul 19, 2015",0.000039,0.000033,"15,683",0.000033,8
1052,0.000033,"Jul 18, 2015",0.000039,0.000030,"18,600",0.000039,20
1053,0.000039,"Jul 17, 2015",0.000039,0.000033,"15,864",0.000033,3
1054,0.000033,"Jul 16, 2015",0.000038,0.000033,"17,677",0.000037,3
1055,0.000037,"Jul 15, 2015",0.000038,0.000034,"16,397",0.000034,0
1056,0.000035,"Jul 14, 2015",0.000044,0.000035,"20,825",0.000044,13
1057,0.000044,"Jul 13, 2015",0.000047,0.000040,"22,165",0.000047,2
1058,0.000047,"Jul 12, 2015",0.000052,0.000046,"22,294",0.000047,9
1059,0.000047,"Jul 11, 2015",0.000047,0.000034,"16,249",0.000034,3
1060,0.000034,"Jul 10, 2015",0.000041,0.000034,"17,917",0.000038,12
1061,0.000038,"Jul 09, 2015",0.000052,0.000027,"15,445",0.000032,54
1062,0.000032,"Jul 08, 2015",0.000054,0.000032,"15,184",0.000032,110
1063,0.000032,"Jul 07, 2015",0.000051,0.000032,"20,460",0.000043,108
1064,0.000043,"Jul 06, 2015",0.000054,0.000032,"15,509",0.000033,172
1065,0.000033,"Jul 05, 2015",0.000036,0.000031,"14,880",0.000031,3
1066,0.000031,"Jul 04, 2015",0.000034,0.000031,"15,838",0.000033,1
1067,0.000033,"Jul 03, 2015",0.000038,0.000028,"16,987",0.000036,11
1068,0.000036,"Jul 02, 2015",0.000041,0.000036,"17,200",0.000036,2
1069,0.000036,"Jul 01, 2015",0.000037,0.000034,"16,247",0.000034,0
1070,0.000034,"Jun 30, 2015",0.000043,0.000034,"19,539",0.000041,0
1071,0.000041,"Jun 29, 2015",0.000045,0.000028,"21,292",0.000045,17
1072,0.000045,"Jun 28, 2015",0.000045,0.000022,"10,731",0.000023,68
1073,0.000023,"Jun 27, 2015",0.000023,0.000019,"9,257",0.000019,2
1074,0.000019,"Jun 26, 2015",0.000019,0.000019,"9,227",0.000019,0
1075,0.000019,"Jun 25, 2015",0.000019,0.000019,"9,200",0.000019,0
1076,0.000024,"Jun 24, 2015",0.000024,0.000024,"11,604",0.000024,0
1077,0.000024,"Jun 23, 2015",0.000025,0.000020,"9,385",0.000020,0
1078,0.000020,"Jun 22, 2015",0.000022,0.000020,"10,428",0.000022,10
1079,0.000022,"Jun 21, 2015",0.000027,0.000022,"11,647",0.000025,2
1080,0.000025,"Jun 20, 2015",0.000029,0.000024,"13,942",0.000029,0
1081,0.000029,"Jun 19, 2015",0.000030,0.000020,"9,462",0.000020,4
1082,0.000020,"Jun 18, 2015",0.000025,0.000020,"10,656",0.000022,2
1083,0.000022,"Jun 17, 2015",0.000033,0.000022,"10,725",0.000023,5
1084,0.000023,"Jun 16, 2015",0.000033,0.000022,"14,622",0.000031,1
1085,0.000031,"Jun 15, 2015",0.000035,0.000019,"10,044",0.000021,129
1086,0.000021,"Jun 14, 2015",0.000021,0.000021,"9,934",0.000021,0
1087,0.000016,"Jun 13, 2015",0.000018,0.000016,"8,738",0.000018,1
1088,0.000018,"Jun 12, 2015",0.000021,0.000018,"9,818",0.000021,17
1089,0.000021,"Jun 11, 2015",0.000021,0.000016,"7,606",0.000016,30
1090,0.000016,"Jun 10, 2015",0.000016,0.000016,"7,614",0.000016,0
1091,0.000016,"Jun 09, 2015",0.000016,0.000014,"6,550",0.000014,0
1092,0.000016,"Jun 08, 2015",0.000016,0.000016,"7,409",0.000016,2
1093,0.000016,"Jun 07, 2015",0.000018,0.000016,"8,571",0.000018,2
1094,0.000018,"Jun 06, 2015",0.000018,0.000013,"6,409",0.000013,4
1095,0.000013,"Jun 05, 2015",0.000018,0.000011,"7,455",0.000016,31
1096,0.000016,"Jun 04, 2015",0.000020,0.000016,"7,507",0.000016,8
1097,0.000016,"Jun 03, 2015",0.000016,0.000016,"7,504",0.000016,2
1098,0.000016,"Jun 02, 2015",0.000016,0.000016,"7,503",0.000016,0
1099,0.000019,"May 31, 2015",0.000019,0.000019,"8,862",0.000019,0
1100,0.000019,"May 30, 2015",0.000019,0.000019,"8,829",0.000019,0
1101,0.000021,"May 29, 2015",0.000021,0.000021,"10,143",0.000021,0
1102,0.000021,"May 28, 2015",0.000021,0.000014,"6,759",0.000014,4
1103,0.000014,"May 27, 2015",0.000017,0.000014,"7,878",0.000017,13
1104,0.000017,"May 26, 2015",0.000017,0.000016,"7,879",0.000017,1
1105,0.000017,"May 25, 2015",0.000022,0.000017,"10,294",0.000022,4
1106,0.000022,"May 24, 2015",0.000022,0.000014,"6,803",0.000014,40
1107,0.000014,"May 23, 2015",0.000017,0.000014,"7,986",0.000017,2
1108,0.000017,"May 22, 2015",0.000017,0.000014,"6,703",0.000014,2
1109,0.000014,"May 21, 2015",0.000017,0.000014,"7,776",0.000016,3
1110,0.000016,"May 20, 2015",0.000016,0.000014,"6,606",0.000014,4
1111,0.000014,"May 19, 2015",0.000019,0.000012,"8,852",0.000019,36
1112,0.000019,"May 18, 2015",0.000021,0.000019,"10,116",0.000021,0
1113,0.000021,"May 17, 2015",0.000021,0.000017,"7,845",0.000017,0
1114,0.000017,"May 16, 2015",0.000019,0.000016,"9,021",0.000019,1
1115,0.000019,"May 15, 2015",0.000021,0.000019,"10,120",0.000021,4
1116,0.000021,"May 14, 2015",0.000021,0.000019,"10,096",0.000021,8
1117,0.000021,"May 13, 2015",0.000024,0.000021,"11,443",0.000024,22
1118,0.000024,"May 12, 2015",0.000024,0.000019,"9,194",0.000019,0
1119,0.000019,"May 11, 2015",0.000027,0.000014,"10,263",0.000022,6
1120,0.000022,"May 10, 2015",0.000022,0.000017,"9,181",0.000019,12
1121,0.000019,"May 09, 2015",0.000020,0.000017,"9,258",0.000020,0
1122,0.000020,"May 08, 2015",0.000021,0.000017,"10,135",0.000021,0
1123,0.000021,"May 07, 2015",0.000021,0.000016,"7,632",0.000016,19
1124,0.000016,"May 06, 2015",0.000017,0.000016,"7,842",0.000017,8
1125,0.000017,"May 05, 2015",0.000017,0.000016,"7,938",0.000017,0
1126,0.000017,"May 04, 2015",0.000017,0.000017,"7,983",0.000017,0
1127,0.000017,"May 03, 2015",0.000017,0.000014,"6,688",0.000014,0
1128,0.000014,"May 02, 2015",0.000016,0.000014,"7,708",0.000016,6
1129,0.000016,"May 01, 2015",0.000017,0.000016,"7,843",0.000017,0
1130,0.000017,"Apr 30, 2015",0.000019,0.000016,"7,499",0.000016,1
1131,0.000016,"Apr 29, 2015",0.000016,0.000016,"7,501",0.000016,2
1132,0.000016,"Apr 28, 2015",0.000016,0.000016,"7,614",0.000016,0
1133,0.000016,"Apr 27, 2015",0.000016,0.000015,"7,287",0.000015,0
1134,0.000015,"Apr 26, 2015",0.000015,0.000015,"7,269",0.000015,0
1135,0.000016,"Apr 25, 2015",0.000016,0.000016,"7,680",0.000016,3
1136,0.000016,"Apr 24, 2015",0.000019,0.000016,"8,974",0.000019,3
1137,0.000019,"Apr 23, 2015",0.000019,0.000016,"7,770",0.000016,2
1138,0.000019,"Apr 22, 2015",0.000019,0.000019,"8,928",0.000019,1
1139,0.000019,"Apr 21, 2015",0.000019,0.000011,"5,328",0.000011,1
1140,0.000011,"Apr 20, 2015",0.000016,0.000011,"6,335",0.000013,1
1141,0.000013,"Apr 19, 2015",0.000018,0.000013,"8,476",0.000018,0
1142,0.000018,"Apr 18, 2015",0.000018,0.000011,"5,286",0.000011,0
1143,0.000011,"Apr 17, 2015",0.000016,0.000011,"7,589",0.000016,20
1144,0.000016,"Apr 16, 2015",0.000016,0.000013,"6,370",0.000013,0
1145,0.000013,"Apr 15, 2015",0.000016,0.000013,"7,276",0.000015,24
1146,0.000015,"Apr 14, 2015",0.000016,0.000015,"7,328",0.000015,2
1147,0.000020,"Apr 13, 2015",0.000021,0.000020,"10,081",0.000021,2
1148,0.000021,"Apr 12, 2015",0.000021,0.000016,"7,853",0.000017,3
1149,0.000017,"Apr 11, 2015",0.000024,0.000016,"11,196",0.000024,29
1150,0.000024,"Apr 10, 2015",0.000024,0.000023,"11,557",0.000024,2
1151,0.000024,"Apr 09, 2015",0.000027,0.000022,"10,458",0.000022,19
1152,0.000022,"Apr 08, 2015",0.000030,0.000017,"14,409",0.000030,31
1153,0.000030,"Apr 07, 2015",0.000033,0.000030,"15,602",0.000033,4
1154,0.000031,"Apr 05, 2015",0.000031,0.000030,"14,437",0.000030,0
1155,0.000030,"Apr 04, 2015",0.000033,0.000030,"15,678",0.000033,0
1156,0.000033,"Apr 03, 2015",0.000035,0.000030,"16,797",0.000035,3
1157,0.000035,"Apr 02, 2015",0.000036,0.000035,"16,414",0.000035,6
1158,0.000027,"Apr 01, 2015",0.000027,0.000027,"12,739",0.000027,3
1159,0.000027,"Mar 31, 2015",0.000032,0.000027,"12,911",0.000027,3
1160,0.000027,"Mar 30, 2015",0.000032,0.000026,"13,810",0.000029,4
1161,0.000029,"Mar 29, 2015",0.000033,0.000029,"15,582",0.000033,0
1162,0.000033,"Mar 28, 2015",0.000033,0.000032,"15,226",0.000032,4
1163,0.000032,"Mar 27, 2015",0.000037,0.000029,"14,140",0.000030,21
1164,0.000030,"Mar 26, 2015",0.000031,0.000027,"12,840",0.000027,1
1165,0.000027,"Mar 25, 2015",0.000030,0.000025,"11,644",0.000025,6
1166,0.000025,"Mar 24, 2015",0.000029,0.000024,"12,646",0.000027,0
1167,0.000027,"Mar 23, 2015",0.000032,0.000026,"15,244",0.000032,6
1168,0.000032,"Mar 22, 2015",0.000042,0.000023,"11,094",0.000023,134
1169,0.000023,"Mar 21, 2015",0.000023,0.000018,"8,686",0.000018,0
1170,0.000018,"Mar 20, 2015",0.000023,0.000018,"9,854",0.000021,14
1171,0.000018,"Mar 19, 2015",0.000018,0.000017,"8,505",0.000018,0
1172,0.000018,"Mar 18, 2015",0.000020,0.000017,"9,430",0.000020,4
1173,0.000020,"Mar 17, 2015",0.000020,0.000020,"9,642",0.000020,0
1174,0.000020,"Mar 16, 2015",0.000021,0.000011,"5,430",0.000011,1
1175,0.000011,"Mar 15, 2015",0.000011,0.000011,"5,416",0.000011,200
1176,0.000025,"Mar 14, 2015",0.000026,0.000025,"12,172",0.000026,0
1177,0.000026,"Mar 13, 2015",0.000026,0.000020,"9,766",0.000021,0
1178,0.000021,"Mar 12, 2015",0.000024,0.000020,"9,833",0.000021,14
1179,0.000021,"Mar 11, 2015",0.000021,0.000017,"8,297",0.000018,90
1180,0.000018,"Mar 10, 2015",0.000027,0.000017,"12,354",0.000026,214
1181,0.000026,"Mar 09, 2015",0.000026,0.000025,"11,703",0.000025,3
1182,0.000025,"Mar 08, 2015",0.000028,0.000022,"13,093",0.000028,74
1183,0.000028,"Mar 07, 2015",0.000030,0.000025,"12,924",0.000027,86
1184,0.000027,"Mar 06, 2015",0.000036,0.000027,"17,015",0.000036,87
1185,0.000036,"Mar 05, 2015",0.000037,0.000035,"16,824",0.000036,0
1186,0.000036,"Mar 04, 2015",0.000039,0.000035,"17,355",0.000037,4
1187,0.000037,"Mar 03, 2015",0.000042,0.000022,"16,983",0.000036,38
1188,0.000036,"Mar 02, 2015",0.000041,0.000028,"13,564",0.000029,11
1189,0.000029,"Mar 01, 2015",0.000029,0.000025,"13,254",0.000028,1
1190,0.000028,"Feb 28, 2015",0.000036,0.000028,"16,840",0.000036,7
1191,0.000036,"Feb 27, 2015",0.000036,0.000030,"14,390",0.000030,5
1192,0.000026,"Feb 26, 2015",0.000026,0.000026,"12,379",0.000026,4
1193,0.000026,"Feb 25, 2015",0.000029,0.000026,"13,576",0.000029,4
1194,0.000029,"Feb 24, 2015",0.000029,0.000028,"13,585",0.000029,0
1195,0.000029,"Feb 23, 2015",0.000031,0.000024,"11,177",0.000024,6
1196,0.000028,"Feb 22, 2015",0.000030,0.000028,"13,906",0.000029,0
1197,0.000029,"Feb 21, 2015",0.000030,0.000024,"13,863",0.000029,0
1198,0.000029,"Feb 20, 2015",0.000029,0.000022,"11,387",0.000024,24
1199,0.000024,"Feb 19, 2015",0.000031,0.000024,"12,319",0.000026,11
1200,0.000026,"Feb 18, 2015",0.000035,0.000023,"11,544",0.000024,25
1201,0.000024,"Feb 17, 2015",0.000034,0.000024,"15,514",0.000033,2
1202,0.000033,"Feb 16, 2015",0.000033,0.000023,"11,128",0.000023,3
1203,0.000023,"Feb 15, 2015",0.000037,0.000023,"12,194",0.000026,2
1204,0.000026,"Feb 14, 2015",0.000043,0.000022,"12,272",0.000026,226
1205,0.000026,"Feb 13, 2015",0.000036,0.000024,"14,712",0.000031,94
1206,0.000031,"Feb 12, 2015",0.000033,0.000028,"13,502",0.000028,3
1207,0.000028,"Feb 11, 2015",0.000044,0.000028,"19,793",0.000042,40
1208,0.000042,"Feb 10, 2015",0.000044,0.000028,"13,559",0.000029,56
1209,0.000029,"Feb 09, 2015",0.000040,0.000026,"13,763",0.000029,25
1210,0.000031,"Feb 08, 2015",0.000053,0.000031,"23,743",0.000050,14
1211,0.000050,"Feb 07, 2015",0.000074,0.000027,"12,639",0.000027,440
1212,0.000027,"Feb 06, 2015",0.000028,0.000024,"11,429",0.000024,3
1213,0.000024,"Feb 05, 2015",0.000026,0.000024,"11,799",0.000025,5
1214,0.000025,"Feb 04, 2015",0.000025,0.000020,"9,692",0.000020,6
1215,0.000020,"Feb 03, 2015",0.000027,0.000020,"12,417",0.000026,0
1216,0.000026,"Feb 02, 2015",0.000027,0.000020,"9,659",0.000020,1
1217,0.000020,"Feb 01, 2015",0.000022,0.000017,"10,276",0.000022,51
1218,0.000022,"Jan 31, 2015",0.000023,0.000021,"10,730",0.000023,2
1219,0.000023,"Jan 30, 2015",0.000023,0.000020,"9,927",0.000021,0
1220,0.000021,"Jan 29, 2015",0.000026,0.000020,"12,163",0.000026,0
1221,0.000026,"Jan 28, 2015",0.000028,0.000021,"11,231",0.000024,13
1222,0.000024,"Jan 27, 2015",0.000030,0.000023,"12,944",0.000027,2
1223,0.000027,"Jan 26, 2015",0.000031,0.000025,"12,039",0.000025,0
1224,0.000025,"Jan 25, 2015",0.000026,0.000024,"11,720",0.000025,0
1225,0.000025,"Jan 24, 2015",0.000027,0.000024,"12,129",0.000026,0
1226,0.000026,"Jan 23, 2015",0.000026,0.000020,"9,958",0.000021,0
1227,0.000021,"Jan 22, 2015",0.000026,0.000021,"11,848",0.000025,9
1228,0.000025,"Jan 21, 2015",0.000025,0.000023,"11,017",0.000023,0
1229,0.000023,"Jan 20, 2015",0.000026,0.000019,"12,106",0.000026,21
1230,0.000026,"Jan 19, 2015",0.000028,0.000023,"13,026",0.000027,3
1231,0.000027,"Jan 18, 2015",0.000028,0.000025,"12,322",0.000026,3
1232,0.000026,"Jan 17, 2015",0.000026,0.000021,"10,832",0.000023,0
1233,0.000023,"Jan 16, 2015",0.000029,0.000023,"12,878",0.000027,13
1234,0.000027,"Jan 15, 2015",0.000030,0.000023,"10,896",0.000023,0
1235,0.000023,"Jan 14, 2015",0.000027,0.000019,"11,669",0.000025,0
1236,0.000025,"Jan 13, 2015",0.000037,0.000024,"15,203",0.000032,16
1237,0.000032,"Jan 12, 2015",0.000041,0.000030,"16,393",0.000035,25
1238,0.000035,"Jan 11, 2015",0.000041,0.000034,"16,915",0.000036,21
1239,0.000036,"Jan 10, 2015",0.000043,0.000030,"17,888",0.000038,56
1240,0.000038,"Jan 09, 2015",0.000044,0.000028,"17,393",0.000037,253
1241,0.000037,"Jan 08, 2015",0.000044,0.000028,"18,117",0.000038,50
1242,0.000044,"Jan 07, 2015",0.000066,0.000029,"16,265",0.000034,257
1243,0.000034,"Jan 06, 2015",0.000034,0.000025,"11,710",0.000025,335
1244,0.000025,"Jan 05, 2015",0.000025,0.000021,"10,048",0.000021,10
1245,0.000021,"Jan 04, 2015",0.000025,0.000019,"9,324",0.000020,68
1246,0.000020,"Jan 03, 2015",0.000024,0.000018,"8,950",0.000019,0
1247,0.000019,"Jan 02, 2015",0.000025,0.000019,"10,417",0.000022,24
1248,0.000022,"Jan 01, 2015",0.000022,0.000019,"8,974",0.000019,2
1249,0.000019,"Dec 29, 2014",0.000019,0.000019,"9,031",0.000019,0
1250,0.000019,"Dec 28, 2014",0.000019,0.000016,"7,490",0.000016,4
1251,0.000016,"Dec 27, 2014",0.000020,0.000016,"9,312",0.000020,3
1252,0.000020,"Dec 26, 2014",0.000023,0.000013,"10,585",0.000022,4
1253,0.000022,"Dec 25, 2014",0.000022,0.000019,"9,162",0.000019,1
1254,0.000019,"Dec 24, 2014",0.000020,0.000016,"9,505",0.000020,12
1255,0.000020,"Dec 23, 2014",0.000023,0.000020,"11,011",0.000023,0
1256,0.000023,"Dec 22, 2014",0.000023,0.000019,"9,127",0.000019,0
1257,0.000019,"Dec 21, 2014",0.000023,0.000019,"10,929",0.000023,0
1258,0.000023,"Dec 20, 2014",0.000023,0.000019,"9,029",0.000019,1
1259,0.000019,"Dec 19, 2014",0.000022,0.000018,"8,846",0.000019,1
1260,0.000019,"Dec 18, 2014",0.000023,0.000019,"10,605",0.000022,1
1261,0.000022,"Dec 17, 2014",0.000023,0.000019,"9,291",0.000020,0
1262,0.000020,"Dec 16, 2014",0.000024,0.000020,"11,464",0.000024,1
1263,0.000024,"Dec 15, 2014",0.000024,0.000024,"11,472",0.000024,0
1264,0.000025,"Dec 14, 2014",0.000025,0.000024,"11,499",0.000024,1
1265,0.000024,"Dec 13, 2014",0.000024,0.000021,"9,992",0.000021,4
1266,0.000021,"Dec 12, 2014",0.000025,0.000021,"11,633",0.000025,13
1267,0.000021,"Dec 09, 2014",0.000022,0.000021,"10,287",0.000022,1
1268,0.000029,"Dec 08, 2014",0.000030,0.000029,"14,211",0.000030,3
1269,0.000030,"Dec 07, 2014",0.000030,0.000030,"14,206",0.000030,3
1270,0.000030,"Dec 06, 2014",0.000030,0.000030,"14,279",0.000030,2
1271,0.000030,"Dec 05, 2014",0.000030,0.000026,"14,002",0.000030,18
1272,0.000030,"Dec 04, 2014",0.000030,0.000026,"12,460",0.000026,4
1273,0.000026,"Dec 03, 2014",0.000027,0.000026,"12,659",0.000027,13
1274,0.000027,"Dec 02, 2014",0.000027,0.000026,"12,577",0.000027,12
1275,0.000027,"Dec 01, 2014",0.000027,0.000019,"8,960",0.000019,24
1276,0.000019,"Nov 30, 2014",0.000030,0.000019,"14,231",0.000030,31
1277,0.000030,"Nov 29, 2014",0.000031,0.000030,"14,259",0.000030,1
1278,0.000025,"Nov 28, 2014",0.000026,0.000025,"12,249",0.000026,0
1279,0.000026,"Nov 27, 2014",0.000026,0.000026,"12,286",0.000026,5
1280,0.000026,"Nov 26, 2014",0.000026,0.000026,"12,469",0.000026,4
1281,0.000026,"Nov 25, 2014",0.000032,0.000023,"14,283",0.000030,17
1282,0.000030,"Nov 24, 2014",0.000030,0.000026,"12,168",0.000026,16
1283,0.000026,"Nov 23, 2014",0.000029,0.000025,"13,385",0.000028,3
1284,0.000025,"Nov 22, 2014",0.000026,0.000025,"11,659",0.000025,8
1285,0.000025,"Nov 21, 2014",0.000029,0.000024,"13,563",0.000029,29
1286,0.000029,"Nov 20, 2014",0.000034,0.000025,"16,214",0.000034,3
1287,0.000034,"Nov 19, 2014",0.000034,0.000026,"12,398",0.000026,7
1288,0.000026,"Nov 18, 2014",0.000027,0.000022,"12,859",0.000027,16
1289,0.000027,"Nov 17, 2014",0.000028,0.000023,"11,038",0.000023,10
1290,0.000023,"Nov 16, 2014",0.000031,0.000022,"10,651",0.000022,14
1291,0.000023,"Nov 15, 2014",0.000028,0.000022,"13,252",0.000028,5
1292,0.000028,"Nov 14, 2014",0.000029,0.000020,"9,910",0.000021,18
1293,0.000021,"Nov 13, 2014",0.000026,0.000020,"12,144",0.000026,20
1294,0.000025,"Nov 12, 2014",0.000026,0.000022,"12,202",0.000026,0
1295,0.000026,"Nov 11, 2014",0.000026,0.000018,"8,665",0.000018,19
1296,0.000018,"Nov 10, 2014",0.000026,0.000018,"12,012",0.000025,14
1297,0.000025,"Nov 09, 2014",0.000029,0.000024,"11,452",0.000024,13
1298,0.000024,"Nov 08, 2014",0.000028,0.000024,"12,966",0.000027,0
1299,0.000027,"Nov 07, 2014",0.000028,0.000021,"13,257",0.000028,11
1300,0.000028,"Nov 06, 2014",0.000031,0.000017,"11,256",0.000024,4
1301,0.000024,"Nov 05, 2014",0.000024,0.000010,"4,699",0.000010,5
1302,0.000010,"Nov 04, 2014",0.000030,0.000010,"13,948",0.000029,38
1303,0.000029,"Nov 03, 2014",0.000030,0.000026,"14,116",0.000030,0
1304,0.000029,"Nov 02, 2014",0.000030,0.000029,"13,901",0.000029,0
1305,0.000029,"Nov 01, 2014",0.000031,0.000020,"14,437",0.000030,5
1306,0.000030,"Oct 31, 2014",0.000031,0.000014,"6,537",0.000014,15
1307,0.000014,"Oct 30, 2014",0.000028,0.000014,"9,541",0.000020,21
1308,0.000020,"Oct 29, 2014",0.000032,0.000020,"15,223",0.000032,3
1309,0.000032,"Oct 28, 2014",0.000032,0.000028,"15,058",0.000032,7
1310,0.000032,"Oct 27, 2014",0.000039,0.000028,"18,485",0.000039,5
1311,0.000039,"Oct 26, 2014",0.000040,0.000021,"18,106",0.000038,48
1312,0.000038,"Oct 25, 2014",0.000039,0.000031,"16,910",0.000036,1
1313,0.000032,"Oct 24, 2014",0.000033,0.000032,"15,287",0.000032,0
1314,0.000032,"Oct 23, 2014",0.000040,0.000032,"18,140",0.000038,0
1315,0.000038,"Oct 22, 2014",0.000042,0.000027,"18,289",0.000039,96
1316,0.000039,"Oct 21, 2014",0.000039,0.000034,"16,303",0.000034,2
1317,0.000034,"Oct 20, 2014",0.000039,0.000034,"18,437",0.000039,0
1318,0.000039,"Oct 19, 2014",0.000039,0.000035,"16,679",0.000035,1
1319,0.000035,"Oct 18, 2014",0.000038,0.000034,"18,187",0.000038,2
1320,0.000038,"Oct 17, 2014",0.000039,0.000038,"18,130",0.000038,31
1321,0.000038,"Oct 16, 2014",0.000040,0.000037,"18,687",0.000039,15
1322,0.000039,"Oct 15, 2014",0.000040,0.000031,"18,991",0.000040,12
1323,0.000040,"Oct 14, 2014",0.000049,0.000036,"22,263",0.000047,166
1324,0.000047,"Oct 13, 2014",0.000048,0.000030,"14,320",0.000030,132
1325,0.000030,"Oct 12, 2014",0.000030,0.000025,"12,022",0.000025,3
1326,0.000025,"Oct 11, 2014",0.000029,0.000025,"13,693",0.000029,0
1327,0.000029,"Oct 10, 2014",0.000029,0.000021,"10,393",0.000022,15
1328,0.000026,"Oct 09, 2014",0.000027,0.000024,"11,695",0.000025,0
1329,0.000025,"Oct 08, 2014",0.000028,0.000020,"9,552",0.000020,0
1330,0.000020,"Oct 07, 2014",0.000027,0.000020,"12,526",0.000026,32
1331,0.000026,"Oct 06, 2014",0.000027,0.000020,"12,098",0.000026,13
1332,0.000029,"Oct 03, 2014",0.000030,0.000029,"14,216",0.000030,0
1333,0.000030,"Oct 02, 2014",0.000031,0.000019,"9,085",0.000019,18
1334,0.000019,"Oct 01, 2014",0.000031,0.000019,"14,680",0.000031,9
1335,0.000031,"Sep 30, 2014",0.000031,0.000019,"14,250",0.000030,11
1336,0.000030,"Sep 29, 2014",0.000030,0.000022,"10,711",0.000023,4
1337,0.000023,"Sep 28, 2014",0.000024,0.000022,"11,365",0.000024,1
1338,0.000024,"Sep 27, 2014",0.000033,0.000020,"11,468",0.000024,27
1339,0.000024,"Sep 26, 2014",0.000029,0.000024,"12,238",0.000026,316
1340,0.000026,"Sep 25, 2014",0.000026,0.000021,"10,021",0.000021,4
1341,0.000021,"Sep 24, 2014",0.000031,0.000021,"14,447",0.000031,2
1342,0.000031,"Sep 23, 2014",0.000031,0.000024,"11,426",0.000024,6
1343,0.000024,"Sep 22, 2014",0.000024,0.000024,"11,551",0.000024,5
1344,0.000024,"Sep 21, 2014",0.000025,0.000024,"11,596",0.000024,6
1345,0.000025,"Sep 20, 2014",0.000029,0.000024,"12,996",0.000027,7
1346,0.000027,"Sep 19, 2014",0.000032,0.000024,"14,874",0.000031,3
1347,0.000031,"Sep 18, 2014",0.000034,0.000026,"13,017",0.000027,36
1348,0.000028,"Sep 17, 2014",0.000042,0.000027,"19,830",0.000042,32
1349,0.000042,"Sep 16, 2014",0.000042,0.000025,"11,709",0.000025,19
1350,0.000025,"Sep 15, 2014",0.000043,0.000024,"13,576",0.000029,79
1351,0.000029,"Sep 14, 2014",0.000029,0.000029,"13,615",0.000029,2
1352,0.000029,"Sep 13, 2014",0.000041,0.000029,"19,441",0.000041,39
1353,0.000041,"Sep 12, 2014",0.000043,0.000029,"18,170",0.000038,69
1354,0.000038,"Sep 11, 2014",0.000048,0.000033,"18,171",0.000038,594
1355,0.000038,"Sep 10, 2014",0.000048,0.000038,"21,136",0.000045,8
1356,0.000045,"Sep 09, 2014",0.000052,0.000038,"20,999",0.000044,28
1357,0.000044,"Sep 08, 2014",0.000060,0.000044,"22,842",0.000048,227
1358,0.000048,"Sep 07, 2014",0.000057,0.000033,"16,706",0.000035,76
1359,0.000035,"Sep 06, 2014",0.000036,0.000034,"16,055",0.000034,1
1360,0.000034,"Sep 05, 2014",0.000034,0.000034,"16,233",0.000034,3
1361,0.000034,"Sep 04, 2014",0.000045,0.000034,"19,169",0.000040,16
1362,0.000040,"Sep 03, 2014",0.000045,0.000035,"20,325",0.000043,40
1363,0.000043,"Sep 02, 2014",0.000053,0.000028,"13,482",0.000028,149
1364,0.000028,"Sep 01, 2014",0.000029,0.000019,"9,051",0.000019,15
1365,0.000019,"Aug 31, 2014",0.000020,0.000019,"9,564",0.000020,2
1366,0.000020,"Aug 30, 2014",0.000020,0.000020,"9,634",0.000020,9
1367,0.000020,"Aug 29, 2014",0.000020,0.000019,"9,626",0.000020,10
1368,0.000020,"Aug 28, 2014",0.000026,0.000017,"7,827",0.000017,321
1369,0.000017,"Aug 27, 2014",0.000023,0.000013,"9,702",0.000020,70
1370,0.000020,"Aug 26, 2014",0.000026,0.000020,"11,899",0.000025,2
1371,0.000025,"Aug 25, 2014",0.000025,0.000020,"9,585",0.000020,12
1372,0.000031,"Aug 24, 2014",0.000031,0.000020,"9,945",0.000021,8
1373,0.000021,"Aug 23, 2014",0.000053,0.000020,"12,290",0.000026,581
1374,0.000026,"Aug 22, 2014",0.000031,0.000025,"12,255",0.000026,2
1375,0.000026,"Aug 21, 2014",0.000031,0.000026,"13,929",0.000029,77
1376,0.000030,"Aug 20, 2014",0.000031,0.000023,"11,502",0.000024,3
1377,0.000024,"Aug 19, 2014",0.000034,0.000024,"11,740",0.000025,19
1378,0.000025,"Aug 18, 2014",0.000026,0.000023,"11,947",0.000025,2
1379,0.000025,"Aug 17, 2014",0.000036,0.000025,"17,208",0.000036,19
1380,0.000036,"Aug 16, 2014",0.000037,0.000032,"16,502",0.000035,1
1381,0.000035,"Aug 15, 2014",0.000039,0.000028,"17,946",0.000038,75
1382,0.000038,"Aug 14, 2014",0.000081,0.000033,"15,518",0.000033,126
1383,0.000033,"Aug 13, 2014",0.000052,0.000033,"21,430",0.000045,42
1384,0.000045,"Aug 12, 2014",0.000046,0.000030,"16,380",0.000035,160
1385,0.000035,"Aug 11, 2014",0.000047,0.000034,"22,399",0.000047,213
1386,0.000047,"Aug 10, 2014",0.000054,0.000042,"22,941",0.000048,66
1387,0.000048,"Aug 09, 2014",0.000051,0.000047,"22,444",0.000047,54
1388,0.000047,"Aug 08, 2014",0.000057,0.000047,"25,096",0.000053,106
1389,0.000053,"Aug 07, 2014",0.000065,0.000053,"27,684",0.000058,51
1390,0.000058,"Aug 06, 2014",0.000066,0.000058,"28,373",0.000060,40
1391,0.000060,"Aug 05, 2014",0.000065,0.000059,"30,680",0.000065,65
1392,0.000065,"Aug 04, 2014",0.000067,0.000065,"31,257",0.000066,26
1393,0.000066,"Aug 03, 2014",0.000081,0.000064,"38,288",0.000081,28
1394,0.000081,"Aug 02, 2014",0.000082,0.000065,"33,433",0.000071,3
1395,0.000071,"Aug 01, 2014",0.000078,0.000063,"36,983",0.000078,69
1396,0.000078,"Jul 31, 2014",0.000082,0.000061,"32,239",0.000068,290
1397,0.000068,"Jul 30, 2014",0.000077,0.000067,"36,566",0.000077,405
1398,0.000077,"Jul 29, 2014",0.000103,0.000044,"21,623",0.000046,"2,339"
1399,0.000046,"Jul 28, 2014",0.000057,0.000041,"22,561",0.000048,133
1400,0.000048,"Jul 27, 2014",0.000059,0.000048,"23,863",0.000050,57
1401,0.000050,"Jul 26, 2014",0.000054,0.000048,"22,786",0.000048,295
1402,0.000061,"Jul 25, 2014",0.000061,0.000051,"25,633",0.000054,384
1403,0.000054,"Jul 24, 2014",0.000056,0.000048,"26,400",0.000056,53
1404,0.000056,"Jul 23, 2014",0.000065,0.000048,"28,576",0.000060,145
1405,0.000060,"Jul 22, 2014",0.000073,0.000040,"31,295",0.000066,513
1406,0.000066,"Jul 21, 2014",0.000097,0.000058,"29,544",0.000062,160
1407,0.000062,"Jul 20, 2014",0.000070,0.000059,"30,836",0.000065,273
1408,0.000065,"Jul 19, 2014",0.000078,0.000047,"37,062",0.000078,675
1409,0.000078,"Jul 18, 2014",0.000099,0.000069,"44,202",0.000093,"1,150"
1410,0.000099,"Jul 17, 2014",0.000099,0.000086,"45,298",0.000096,316
1411,0.000096,"Jul 16, 2014",0.000096,0.000081,"42,537",0.000090,551
1412,0.000090,"Jul 15, 2014",0.000100,0.000090,"46,022",0.000097,257
1413,0.000097,"Jul 14, 2014",0.000104,0.000074,"43,063",0.000091,"1,025"
1414,0.000091,"Jul 13, 2014",0.000111,0.000091,"49,576",0.000105,969
1415,0.000105,"Jul 12, 2014",0.000115,0.000103,"53,852",0.000114,567
1416,0.000114,"Jul 11, 2014",0.000141,0.000101,"63,294",0.000134,"2,436"
1417,0.000127,"Jul 10, 2014",0.000190,0.000112,"89,536",0.000189,"3,679"
1418,0.000189,"Jul 09, 2014",0.000214,0.000172,"85,853",0.000181,"8,523"
1419,0.000181,"Jul 08, 2014",0.000182,0.000155,"78,748",0.000166,"6,848"
1420,0.000182,"Jul 07, 2014",0.000204,0.000145,"80,435",0.000170,"1,510"
1421,0.000170,"Jul 06, 2014",0.000177,0.000133,"68,763",0.000145,"1,151"
1422,0.000145,"Jul 05, 2014",0.000150,0.000117,"70,799",0.000150,"1,809"
1423,0.000145,"Jul 04, 2014",0.000157,0.000119,"63,080",0.000133,"1,579"
1424,0.000133,"Jul 03, 2014",0.000150,0.000113,"58,100",0.000123,"1,465"
1425,0.000130,"Jul 02, 2014",0.000141,0.000119,"56,932",0.000120,647
1426,0.000120,"Jul 01, 2014",0.000172,0.000111,"53,084",0.000112,411
1427,0.000112,"Jun 30, 2014",0.000125,0.000097,"49,072",0.000104,862
1428,0.000104,"Jun 29, 2014",0.000104,0.000092,"44,670",0.000094,171
1429,0.000094,"Jun 28, 2014",0.000102,0.000090,"48,217",0.000102,452
1430,0.000096,"Jun 27, 2014",0.000106,0.000088,"46,772",0.000099,548
1431,0.000099,"Jun 26, 2014",0.000115,0.000092,"51,694",0.000109,"1,626"
1432,0.000112,"Jun 25, 2014",0.000121,0.000106,"50,309",0.000106,"1,178"
1433,0.000105,"Jun 24, 2014",0.000113,0.000091,"53,270",0.000113,855
1434,0.000112,"Jun 23, 2014",0.000120,0.000100,"53,993",0.000114,756
1435,0.000114,"Jun 22, 2014",0.000133,0.000097,"47,894",0.000101,581
1436,0.000101,"Jun 21, 2014",0.000146,0.000094,"69,183",0.000146,"2,414"
1437,0.000146,"Jun 20, 2014",0.000187,0.000094,"88,720",0.000187,"6,067"
1438,0.000188,"Jun 19, 2014",0.000243,0.000159,"108,354",0.000229,"6,821"
1439,0.000237,"Jun 18, 2014",0.000311,0.000209,"122,633",0.000262,"11,646"
1440,0.000257,"Jun 17, 2014",0.000299,0.000226,"105,676",0.000240,"16,684"
1441,0.000235,"Jun 16, 2014",0.000263,0.000150,"72,004",0.000174,"16,599"
1442,0.000174,"Jun 15, 2014",0.000252,0.000129,"52,104",0.000129,"16,116"
